seed,model,train_grid,mean_nrmse,std_nrmse,mmd_range,g_score
0,arma_gnn,IEEE24,0.11377814412117,0.0,0.0,0.11377814412117
0,arma_gnn,IEEE39,0.1465096175670623,0.0,0.0,0.1465096175670623
0,arma_gnn,IEEE118,1.4763436317443848,0.0,0.0,1.4763436317443848
0,arma_gnn,UK,0.1023145169019699,0.0,0.0,0.1023145169019699
0,gat,IEEE24,0.132839486002922,0.0,0.0,0.132839486002922
0,gat,IEEE39,0.1519034206867218,0.0,0.0,0.1519034206867218
0,gat,IEEE118,1.331348180770874,0.0,0.0,1.331348180770874
0,gat,UK,0.1289893090724945,0.0,0.0,0.1289893090724945
0,gcn,IEEE24,0.1118854880332946,0.0,0.0,0.1118854880332946
0,gcn,IEEE39,0.1455085277557373,0.0,0.0,0.1455085277557373
0,gcn,IEEE118,5.197780609130859,0.0,0.0,5.197780609130859
0,gcn,UK,1.0656968355178833,0.0,0.0,1.0656968355178833
0,gin,IEEE24,0.1372322887182235,0.0,0.0,0.1372322887182235
0,gin,IEEE39,0.2336650639772415,0.0,0.0,0.2336650639772415
0,gin,IEEE118,29.195009231567383,0.0,0.0,29.195009231567383
0,gin,UK,0.1341015100479126,0.0,0.0,0.1341015100479126
0,nnconv,IEEE24,0.1470423489809036,0.0,0.0,0.1470423489809036
0,nnconv,IEEE39,0.1465831249952316,0.0,0.0,0.1465831249952316
0,nnconv,IEEE118,2.0226612091064453,0.0,0.0,2.0226612091064453
0,nnconv,UK,0.2611254751682281,0.0,0.0,0.2611254751682281
0,transformer,IEEE24,0.1146821454167366,0.0,0.0,0.1146821454167366
0,transformer,IEEE39,0.1482859402894973,0.0,0.0,0.1482859402894973
0,transformer,IEEE118,1.301386833190918,0.0,0.0,1.301386833190918
0,transformer,UK,0.1028092056512832,0.0,0.0,0.1028092056512832
100,arma_gnn,IEEE24,0.1109159886837005,0.0,0.0,0.1109159886837005
100,arma_gnn,IEEE39,0.1472765207290649,0.0,0.0,0.1472765207290649
100,arma_gnn,IEEE118,2.8213870525360107,0.0,0.0,2.8213870525360107
100,arma_gnn,UK,0.1247813254594802,0.0,0.0,0.1247813254594802
100,gat,IEEE24,0.135115161538124,0.0,0.0,0.135115161538124
100,gat,IEEE39,0.159195601940155,0.0,0.0,0.159195601940155
100,gat,IEEE118,0.267640084028244,0.0,0.0,0.267640084028244
100,gat,UK,0.1267694383859634,0.0,0.0,0.1267694383859634
100,gcn,IEEE24,0.1189718469977378,0.0,0.0,0.1189718469977378
100,gcn,IEEE39,0.1440264135599136,0.0,0.0,0.1440264135599136
100,gcn,IEEE118,14.845977783203123,0.0,0.0,14.845977783203123
100,gcn,UK,1.172798991203308,0.0,0.0,1.172798991203308
100,gin,IEEE24,0.1496515125036239,0.0,0.0,0.1496515125036239
100,gin,IEEE39,0.1753807216882705,0.0,0.0,0.1753807216882705
100,gin,IEEE118,10.297819137573242,0.0,0.0,10.297819137573242
100,gin,UK,0.1312631070613861,0.0,0.0,0.1312631070613861
100,nnconv,IEEE24,0.148477703332901,0.0,0.0,0.148477703332901
100,nnconv,IEEE39,0.1493406593799591,0.0,0.0,0.1493406593799591
100,nnconv,IEEE118,2.5097599029541016,0.0,0.0,2.5097599029541016
100,nnconv,UK,0.2310133576393127,0.0,0.0,0.2310133576393127
100,transformer,IEEE24,0.1267940104007721,0.0,0.0,0.1267940104007721
100,transformer,IEEE39,0.1461451202630996,0.0,0.0,0.1461451202630996
100,transformer,IEEE118,2.6225948333740234,0.0,0.0,2.6225948333740234
100,transformer,UK,0.152037501335144,0.0,0.0,0.152037501335144
300,arma_gnn,IEEE24,0.1138298586010932,0.0,0.0,0.1138298586010932
300,arma_gnn,IEEE39,0.1460017710924148,0.0,0.0,0.1460017710924148
300,arma_gnn,IEEE118,1.6815344095230105,0.0,0.0,1.6815344095230105
300,arma_gnn,UK,0.122700847685337,0.0,0.0,0.122700847685337
300,gat,IEEE24,0.1378130316734314,0.0,0.0,0.1378130316734314
300,gat,IEEE39,0.2347742766141891,0.0,0.0,0.2347742766141891
300,gat,IEEE118,1.0601269006729126,0.0,0.0,1.0601269006729126
300,gat,UK,0.1382855623960495,0.0,0.0,0.1382855623960495
300,gcn,IEEE24,0.1098857894539833,0.0,0.0,0.1098857894539833
300,gcn,IEEE39,0.1140712723135948,0.0,0.0,0.1140712723135948
300,gcn,IEEE118,2.8387672901153564,0.0,0.0,2.8387672901153564
300,gcn,UK,0.1323407739400863,0.0,0.0,0.1323407739400863
300,gin,IEEE24,0.1422972530126571,0.0,0.0,0.1422972530126571
300,gin,IEEE39,0.1733686774969101,0.0,0.0,0.1733686774969101
300,gin,IEEE118,1.7133642435073853,0.0,0.0,1.7133642435073853
300,gin,UK,0.1379004269838333,0.0,0.0,0.1379004269838333
300,nnconv,IEEE24,0.1476077735424041,0.0,0.0,0.1476077735424041
300,nnconv,IEEE39,0.1475085020065307,0.0,0.0,0.1475085020065307
300,nnconv,IEEE118,1.7635661363601685,0.0,0.0,1.7635661363601685
300,nnconv,UK,0.2354903370141983,0.0,0.0,0.2354903370141983
300,transformer,IEEE24,0.1311071515083313,0.0,0.0,0.1311071515083313
300,transformer,IEEE39,0.150578111410141,0.0,0.0,0.150578111410141
300,transformer,IEEE118,0.7026426196098328,0.0,0.0,0.7026426196098328
300,transformer,UK,0.1442885547876358,0.0,0.0,0.1442885547876358
700,arma_gnn,IEEE24,0.1196097955107688,0.0,0.0,0.1196097955107688
700,arma_gnn,IEEE39,0.1465286165475845,0.0,0.0,0.1465286165475845
700,arma_gnn,IEEE118,0.5557254552841187,0.0,0.0,0.5557254552841187
700,arma_gnn,UK,0.1022916585206985,0.0,0.0,0.1022916585206985
700,gat,IEEE24,0.1351847052574157,0.0,0.0,0.1351847052574157
700,gat,IEEE39,0.1636991053819656,0.0,0.0,0.1636991053819656
700,gat,IEEE118,1.1141034364700315,0.0,0.0,1.1141034364700315
700,gat,UK,0.1373898535966873,0.0,0.0,0.1373898535966873
700,gcn,IEEE24,0.1343118697404861,0.0,0.0,0.1343118697404861
700,gcn,IEEE39,0.1263233423233032,0.0,0.0,0.1263233423233032
700,gcn,IEEE118,21.58047103881836,0.0,0.0,21.58047103881836
700,gcn,UK,1.17780601978302,0.0,0.0,1.17780601978302
700,gin,IEEE24,0.1414123773574829,0.0,0.0,0.1414123773574829
700,gin,IEEE39,0.1796474754810333,0.0,0.0,0.1796474754810333
700,gin,IEEE118,14.171598434448242,0.0,0.0,14.171598434448242
700,gin,UK,0.1333328038454055,0.0,0.0,0.1333328038454055
700,transformer,IEEE24,0.1019500270485878,0.0,0.0,0.1019500270485878
700,transformer,IEEE39,0.1543804854154586,0.0,0.0,0.1543804854154586
700,transformer,IEEE118,9.661797523498535,0.0,0.0,9.661797523498535
700,transformer,UK,0.1366167068481445,0.0,0.0,0.1366167068481445
1000,arma_gnn,IEEE24,0.1294620186090469,0.0,0.0,0.1294620186090469
1000,arma_gnn,IEEE39,0.1470985412597656,0.0,0.0,0.1470985412597656
1000,arma_gnn,IEEE118,2.432988166809082,0.0,0.0,2.432988166809082
1000,arma_gnn,UK,0.1270124614238739,0.0,0.0,0.1270124614238739
1000,gat,IEEE24,0.140898510813713,0.0,0.0,0.140898510813713
1000,gat,IEEE39,0.1641062349081039,0.0,0.0,0.1641062349081039
1000,gat,IEEE118,0.6398714184761047,0.0,0.0,0.6398714184761047
1000,gat,UK,0.1302025020122528,0.0,0.0,0.1302025020122528
1000,gcn,IEEE24,0.1267656087875366,0.0,0.0,0.1267656087875366
1000,gcn,IEEE39,0.129843607544899,0.0,0.0,0.129843607544899
1000,gcn,IEEE118,2.4703409671783447,0.0,0.0,2.4703409671783447
1000,gcn,UK,1.2127296924591064,0.0,0.0,1.2127296924591064
1000,gin,IEEE24,0.1374484598636627,0.0,0.0,0.1374484598636627
1000,gin,IEEE39,0.1853626519441604,0.0,0.0,0.1853626519441604
1000,gin,IEEE118,4.91578483581543,0.0,0.0,4.91578483581543
1000,gin,UK,0.16380675137043,0.0,0.0,0.16380675137043
1000,transformer,IEEE24,0.1359277814626693,0.0,0.0,0.1359277814626693
1000,transformer,IEEE39,0.1507927924394607,0.0,0.0,0.1507927924394607
1000,transformer,IEEE118,10.591958045959473,0.0,0.0,10.591958045959473
1000,transformer,UK,0.1361930668354034,0.0,0.0,0.1361930668354034
