arm,model,quantity,n,nrmse_mean,nrmse_sd,mse_mean,mse_sd,mae_mean,mae_sd
regime_a,arma_gnn,P,20,0.00021452880246210335,8.237928683680388e-05,50.1477958086878,102.79171469674071,0.5518822278827429,0.9316606192935333
regime_a,arma_gnn,Q,20,0.0008584089533541899,0.0005925785391025602,95.53306475766003,204.7175463494211,2.206351948529482,3.3283122529973337
regime_a,arma_gnn,V,20,5.975958777964115,10.71812753764739,0.12790007867151867,0.27424691554840247,0.08289664443582294,0.08072453720722443
regime_a,arma_gnn,theta,20,0.012813344155438191,0.012457789913651386,8.808793293312192,13.21955349950549,1.2546217259019614,1.3932326242211355
regime_a,gat,P,20,0.005528280154976475,0.013904900905581403,486155.17625631095,1669569.5505153951,35.028153378143905,108.43962587164891
regime_a,gat,Q,20,0.012744951876811638,0.01540760853376985,55133.54245762825,169681.8975897983,37.90874735414982,98.78535186825164
regime_a,gat,V,20,27.268702010810376,62.90586123803587,3.851786435081158,11.527396251099354,0.3018705431371927,0.49187279751812485
regime_a,gat,theta,20,0.05821371800266203,0.06379641528950125,189.78615005910396,464.468544911773,5.8043999299407005,8.578867370858662
regime_a,gcn,P,20,0.007722269147052376,0.014073066764060754,2561.4842922993003,4394.21034843409,4.582703031599522,6.087752940616292
regime_a,gcn,Q,20,0.01771058507729318,0.018389338542329617,8344.675805282594,25473.141168061928,21.392762821912765,37.75723550413429
regime_a,gcn,V,20,7.843435554951429,14.806716257581272,0.24930453103734176,0.650091913619608,0.12857053382322187,0.11717733332614551
regime_a,gcn,theta,20,0.07866413332521913,0.04692800887012565,179.97668986320497,308.6291954730553,7.4027249157428745,6.091584196750813
regime_a,gin,P,20,0.000328595151950094,0.00022273809682739625,36.52333583114669,77.23071148733797,0.5340608886443079,0.7917268993435225
regime_a,gin,Q,20,0.004864094266667906,0.006957295602274257,316.7850688546896,421.3264618352221,3.4152023855596783,3.1729072370355125
regime_a,gin,V,20,7.688639086484909,13.30201748923269,0.20205602066125716,0.39104872220641845,0.10494294688105579,0.09245565474463104
regime_a,gin,theta,20,0.025041320023592502,0.01688101069449243,22.118787313625216,31.877574525393648,2.084905179589987,2.0216076032846706
regime_a,nnconv,P,12,0.00047631309037866665,0.0003493924133856829,60.220230559508,125.27300504926104,0.595115919287006,0.7754738556895554
regime_a,nnconv,Q,12,0.00572075016195105,0.006902445625410825,389.0575897656381,441.93905356859415,3.8822227654357753,2.990472968631602
regime_a,nnconv,V,12,5.783407062292099,8.529738338472189,0.13438812270760533,0.14642278120683286,0.130933020884792,0.06622014208353019
regime_a,nnconv,theta,12,0.02245146055550619,0.01247537085099606,12.723817877471447,9.08988569852207,1.8580266411105792,1.0740242745796797
regime_a,transformer,P,20,0.0017391750436217602,0.005189800339272872,64868.82289556544,288079.7308782624,7.301173246651888,27.746600470310767
regime_a,transformer,Q,20,0.00856475987238804,0.010220504880823971,18067.72570898086,73368.8066010703,21.85164086818695,61.067241418847225
regime_a,transformer,V,20,24.90625904127955,59.536896956682405,3.39390957391588,12.03424335646271,0.26789347082376475,0.5443660897296844
regime_a,transformer,theta,20,0.05076452876674007,0.0689458335725582,188.9065420549363,609.3180493602749,5.17948774471879,9.059071372232005
cross_context,arma_gnn,P,80,0.06475835767487292,0.0409250046662384,3800421.0331730484,7876909.276006786,167.14915992617608,292.0034284813138
cross_context,arma_gnn,Q,80,0.5252201265189796,1.3309416619769674,67516909.56172219,336857004.57196563,1504.7790119230747,5001.264083197826
cross_context,arma_gnn,V,80,232.49975871406497,1100.9672241274825,2050.7188427663177,14459.48655587571,5.1118784011807294,17.345989430525844
cross_context,arma_gnn,theta,80,16.075896984059362,56.319253107630125,114501470.36578003,600320607.660841,2465.199104128778,9547.306405722904
cross_context,gat,P,80,0.0713479514510254,0.04215733523164777,5658417.078815674,14319685.731126906,192.61096373945475,342.5854406695663
cross_context,gat,Q,80,0.3408096524013672,0.6237347604047678,64073163.24173965,293890264.7672641,1498.9167988568545,5057.303444470994
cross_context,gat,V,80,143.59244562983514,468.11867349582246,391.15429474386036,2324.6578215531454,3.143967704148963,6.841514040167935
cross_context,gat,theta,80,4.894322905689478,19.01562216176946,12844941.41744132,103412896.43959336,668.7892528891564,2999.8318874443517
cross_context,gcn,P,80,0.3167403413492138,0.5569269374713621,35472878.68627872,178153424.4896885,425.96405850350857,1017.4142909549893
cross_context,gcn,Q,80,2.606261416070629,7.469139298687859,3077349323.6407547,20419145143.723003,9110.465213775635,42024.426717187926
cross_context,gcn,V,80,551.1899412810802,3351.3307337171786,18227.866827745085,153143.41258755085,9.629253321746365,48.17937404507666
cross_context,gcn,theta,80,34.45434731370769,131.18999040415335,591613877.5783011,4164395225.5671444,4522.763136374951,20557.566471694
cross_context,gin,P,80,0.17623019971069878,0.6581507494427443,268741908.55867773,2343241685.332994,546.7492108128965,3003.325356547771
cross_context,gin,Q,80,6.273398554045707,23.74971389291473,154151520242.0383,824774631880.1183,55128.80867006779,260490.77474000058
cross_context,gin,V,80,3584.057198898308,22523.024676126937,812434.6056452469,7028542.1019972265,50.51223443578929,311.26680962467907
cross_context,gin,theta,80,210.66889623561875,993.7649583872435,34947871659.93639,245498437932.22226,28835.3130358696,138161.14040790216
cross_context,nnconv,P,48,0.23497056910370398,0.6561058528832779,8101166.598301709,18366140.07413704,250.1813768936942,400.69139421846796
cross_context,nnconv,Q,48,1.3267843989403143,4.754311708238758,289285981.8213355,986480717.4241416,2724.5577807078757,7746.092193143919
cross_context,nnconv,V,48,299.4978791891287,685.1110853181741,2980.8305305672498,11105.061319995208,10.161012538243085,16.60631735806936
cross_context,nnconv,theta,48,19.332376963924617,53.60067943142837,97359433.72174613,396326521.2367144,2152.031108275056,7241.586633932147
cross_context,transformer,P,80,0.07237676405638918,0.06164693279784756,6564887.535041535,20287921.983877048,198.5624209139496,403.2985130485367
cross_context,transformer,Q,80,1.5179296047834214,4.411191022600695,2008949419.3421388,13946730512.166744,4883.176353305578,24747.653350304412
cross_context,transformer,V,80,312.26836751140655,1828.8916464501021,5494.6403472510865,46377.09276914943,5.426665403554216,24.0964608682516
cross_context,transformer,theta,80,11.138933428516612,36.45650244103052,48625727.290660165,226061642.21162826,1367.3031197577716,4849.349510697743
ood,arma_gnn,P,20,0.08469147980213163,0.013043852850417056,4904666.582421875,8545238.099568944,217.72109098434447,317.313451102321
ood,arma_gnn,Q,20,0.10046718716621394,0.02170608173167722,1033205.2435791015,1786642.2329833847,334.8832792282104,497.4852465894776
ood,arma_gnn,V,20,25.760567039251328,41.274150354695166,4.907735705003143,7.316997851702037,0.6898128114640713,0.5347459371887187
ood,arma_gnn,theta,20,1.0682882837951184,1.1966058840084597,84270.26564331054,143281.42151615996,152.32787289619446,185.23737845242388
ood,gat,P,20,0.10232443101704117,0.0448027423948909,8481894.629882812,20392237.59056879,274.7286554336548,452.4421706535831
ood,gat,Q,20,0.12098082490265365,0.05211211674941328,1577043.3385986327,2931253.8811667874,375.894596862793,561.1215452658553
ood,gat,V,20,37.482683116197585,55.25226375550294,12.952379851415753,21.478589370645874,1.262851694971323,1.2543755614217824
ood,gat,theta,20,1.340816330909729,1.45248123878513,127157.85446472168,232172.47441733707,171.9563006401062,199.4186611674945
ood,gcn,P,20,0.14315937887877223,0.10869545997246535,5050150.23840332,8494286.839729143,244.5362295150757,307.10562589731205
ood,gcn,Q,20,0.1762863306328654,0.10996839807072242,3004071.650488281,7117277.048312685,504.56442070007324,830.3039390707236
ood,gcn,V,20,59.262998168170455,112.84368865761977,41.97727825934999,68.53687441475542,1.380212926492095,1.5401714661068253
ood,gcn,theta,20,1.5781441390514375,1.7385737236723149,172684.05357666017,383383.1591474289,162.70092144012452,191.08837435512774
ood,gin,P,20,0.087504655867815,0.011749278297285394,4874186.486328125,8482448.22417622,218.0156831741333,314.7532668010839
ood,gin,Q,20,0.16862061694264407,0.1856904703082792,15114743.798657227,47001397.00333885,818.0166206359863,1514.3017301785867
ood,gin,V,20,151.83842349648475,267.0422690039961,144.947223052755,281.0921930701144,2.3785085164010527,3.009203808439182
ood,gin,theta,20,3.5639782026410103,5.341473993971591,1361002.0523132323,2694277.5350740426,424.6014565467834,629.2390587672699
ood,nnconv,P,12,1.3688805121928453,2.3311157672576703,64030304.6155599,106757529.43232858,813.2888107299805,1019.5821754933639
ood,nnconv,Q,12,0.24209602798024812,0.31166319200617904,1962551.1400756836,2712973.526593684,410.3565444946289,526.0843316502371
ood,nnconv,V,12,76.0091762940089,98.32921254725021,77.80924280981223,91.4031223277988,3.4840153058369956,3.082997119226164
ood,nnconv,theta,12,1.9366345703601837,1.2743284533785757,137936.26055908203,186501.4727561953,175.89837423960367,130.1315022686448
ood,transformer,P,20,0.08943994510918851,0.040423636978501355,4045287.5887695313,7599972.624176811,198.15321865081788,288.30189907091676
ood,transformer,Q,20,0.14387579336762424,0.09434359099427878,4471664.029272461,12198574.248042498,422.0984630584717,678.4815445761769
ood,transformer,V,20,33.93443251848221,67.49387450199832,9.396130630001426,26.065034124329475,0.7453826010227204,0.6900028489900238
ood,transformer,theta,20,1.665215714275837,2.009008794565773,220445.77761535643,494114.0277583087,183.71247091293336,206.2430630584121
