model,held_out_grid,seed,regime,num_layers,hidden,learning_rate,normalize,nrmse,mse,mae,nrmse_P,nrmse_Q,nrmse_V,nrmse_theta,mse_P,mse_Q,mse_V,mse_theta,mae_P,mae_Q,mae_V,mae_theta
arma_gnn,IEEE24,0,B,8,128,0.001,pu_zscore,1.8850555419921875,1680064.625,235.28497314453125,0.9786231517791748,2.6687514781951904,0.1640192121267318,0.3347542881965637,4038654.25,2680827.5,0.0005666634533554,776.0607299804688,407.687255859375,510.1340026855469,0.0152310049161314,23.30338287353516
arma_gnn,IEEE39,0,B,8,128,0.001,pu_zscore,1.5486695766448977,3546874.0,242.31906127929688,1.1790711879730225,0.8577178120613098,0.2140081822872162,0.83403480052948,11634944.0,2543891.5,0.0031589723657816,8661.05859375,546.185791015625,338.1418762207031,0.0391952060163021,84.90937042236328
arma_gnn,IEEE118,0,B,8,128,0.001,pu_zscore,0.2795067131519317,486123.6875,126.79933166503906,0.2057049572467804,0.154447928071022,0.1437286436557769,0.3385295867919922,1661735.25,267943.0,0.001018788665533,14816.533203125,118.58016967773438,272.3515625,0.020300855860114,116.24525451660156
arma_gnn,UK,0,B,8,128,0.001,pu_zscore,0.2609972059726715,13612127.0,1112.9227294921875,0.0908287540078163,0.530622124671936,4.07237434387207,3.208689451217652,16577122.0,37603180.0,0.0270353537052869,268205.9375,733.140625,3263.756591796875,0.0536393858492374,454.740478515625
arma_gnn,IEEE24,100,B,8,128,0.001,pu_zscore,1.446316838264465,989019.0,188.5659942626953,0.5455989837646484,2.6785128116607666,0.1506751030683517,0.2033088505268097,1255315.5,2700474.0,0.0004782101605087,286.25689697265625,225.61862182617188,514.2905883789062,0.0134119987487792,14.341453552246094
arma_gnn,IEEE39,100,B,8,128,0.001,pu_zscore,1.2349226474761963,2255317.75,201.3418426513672,0.9812911748886108,0.5219431519508362,0.3507733345031738,1.2762161493301392,8058980.0,942011.3125,0.0084866872057318,20279.21484375,454.5642395019531,219.7784881591797,0.0661778226494789,130.95849609375
arma_gnn,IEEE118,100,B,8,128,0.001,pu_zscore,0.1843893676996231,211560.265625,65.96619415283203,0.142698273062706,0.0532206185162067,0.1362963616847992,0.3378545939922333,799668.125,31815.44921875,0.0009161487687379,14757.5087890625,82.20159912109375,66.2538070678711,0.0188782289624214,115.39051055908205
arma_gnn,UK,100,B,8,128,0.001,pu_zscore,0.2424085140228271,11742215.0,1181.6309814453125,0.0828711688518524,0.4939519464969635,6.061602592468262,4.733790397644043,13799690.0,32585418.0,0.0598979070782661,583755.5625,663.8546142578125,3351.357177734375,0.0911589488387107,711.2214965820312
arma_gnn,IEEE24,1000,B,8,128,0.001,pu_zscore,1.3661779165267944,882454.375,164.17787170410156,0.7356600165367126,1.8200527429580688,0.1816763579845428,0.3217776119709015,2282233.0,1246868.0,0.000695236492902,717.0592041015625,304.1969299316406,330.69873046875,0.0161713734269142,21.79974174499512
arma_gnn,IEEE39,1000,B,8,128,0.001,pu_zscore,1.3343745470046997,2633199.25,217.10630798339844,1.0006996393203735,0.7863075137138367,0.3040832281112671,1.0582541227340698,8380920.0,2137935.25,0.0063777868635952,13943.84765625,463.5239868164063,293.6391906738281,0.0562643148005008,111.20581817626952
arma_gnn,IEEE118,1000,B,8,128,0.001,pu_zscore,0.2225522547960281,308195.5625,105.93364715576172,0.1606877744197845,0.1335399597883224,0.1172625720500946,0.3780006766319275,1014000.0625,200309.109375,0.0006781351985409,18473.048828125,92.61270904541016,201.1309051513672,0.0150428703054785,129.9758758544922
arma_gnn,UK,1000,B,8,128,0.001,pu_zscore,0.1283147633075714,3290088.75,405.8034973144531,0.0750526338815689,0.1144521608948707,0.8412014245986938,1.8819636106491089,11318639.0,1749451.375,0.0011535508092492,92264.671875,551.71484375,834.357177734375,0.0104287164285779,237.1315460205078
arma_gnn,IEEE24,300,B,8,128,0.001,pu_zscore,1.1343225240707395,608346.1875,151.47828674316406,0.5543644428253174,1.735842227935791,0.1594793051481247,0.6853876113891602,1295974.75,1134156.75,0.000535728118848,3253.238525390625,227.57080078125,337.2174987792969,0.0146409654989838,41.11018753051758
arma_gnn,IEEE39,300,B,8,128,0.001,pu_zscore,1.0597057342529297,1660728.875,162.6387939453125,0.831292986869812,0.4970065355300903,0.2584778666496277,0.6489054560661316,5783523.0,854149.5,0.004608204588294,5242.82666015625,385.0550231933594,201.28176879882807,0.047456070780754,64.1708755493164
arma_gnn,IEEE118,300,B,8,128,0.001,pu_zscore,0.1436775475740432,128451.7890625,69.07889556884766,0.1072665229439735,0.0665643885731697,0.1393887400627136,0.3069484829902649,451856.71875,49769.36328125,0.0009581926278769,12181.0390625,61.71310806274414,110.07564544677734,0.0195808578282594,104.50723266601562
arma_gnn,UK,300,B,8,128,0.001,pu_zscore,0.1541299521923065,4747100.0,639.7664794921875,0.0733740553259849,0.2405178993940353,3.5449090003967285,4.130727291107178,10818013.0,7725893.0,0.0204855147749185,444494.21875,539.8989868164062,1448.568115234375,0.0481436885893344,570.5506591796875
arma_gnn,IEEE24,700,B,8,128,0.001,pu_zscore,1.3711183071136477,888848.25,156.05319213867188,0.7727833986282349,1.6593561172485352,0.169236734509468,0.2949641048908233,2518380.25,1036410.375,0.0006032885285094,602.5342407226562,319.9084167480469,286.4258117675781,0.0148017108440399,17.86370277404785
arma_gnn,IEEE39,700,B,8,128,0.001,pu_zscore,1.5414413213729858,3513842.0,235.6856384277344,1.1971831321716309,0.769687294960022,0.288173496723175,0.9699612259864808,11995144.0,2048511.0,0.0057278694584965,11714.166015625,554.5547485351562,291.4051818847656,0.0532869696617126,96.72943878173828
arma_gnn,IEEE118,700,B,8,128,0.001,pu_zscore,0.2232627123594284,310166.40625,96.8475112915039,0.1643196493387222,0.1216277033090591,0.0971811190247535,0.3307616412639618,1060355.125,166166.40625,0.0004657589888665,14144.37109375,94.7002410888672,179.3837890625,0.0119223073124885,113.2940902709961
arma_gnn,UK,700,B,8,128,0.001,pu_zscore,0.193063274025917,7448240.5,844.0462036132812,0.0761900693178176,0.3665105104446411,3.189248561859131,2.689762830734253,11664313.0,17940180.0,0.0165811050683259,188469.46875,574.8626708984375,2436.317138671875,0.0463784784078598,364.9588317871094
nnconv,IEEE118,0,B,2,128,0.001,pu_zscore,0.3273391723632812,666742.6875,150.36178588867188,0.2324399948120117,0.2167989611625671,0.0908066183328628,0.3655066788196563,2121749.25,527949.75,0.0004066609835717,17272.0546875,134.0012664794922,342.0519714355469,0.0106798615306615,125.38326263427734
nnconv,IEEE24,0,B,2,128,0.001,pu_zscore,3.7644972801208496,6700260.5,380.7664184570313,2.3148298263549805,3.340362071990967,0.7082539796829224,0.8057196736335754,22596638.0,4199906.5,0.0105660781264305,4495.84521484375,969.863525390625,510.6641540527344,0.0413348190486431,42.49663925170898
nnconv,IEEE39,0,B,2,128,0.001,pu_zscore,13.317010879516602,262265824.0,1600.6571044921875,11.032037734985352,2.95960021018982,0.2919816970825195,3.942362308502197,1018581440.0,30288362.0,0.0058802575804293,193515.484375,5097.98974609375,986.0362548828124,0.0417369082570076,318.5606994628906
nnconv,UK,0,B,2,128,0.001,pu_zscore,0.1596752554178238,5094828.0,549.8182983398438,0.0813349038362503,0.2241518497467041,0.9026561975479126,3.800524234771729,13292794.0,6710248.0,0.0013282551662996,376270.34375,633.8489379882812,1120.0836181640625,0.0127445049583911,445.3277893066406
nnconv,IEEE118,100,B,2,128,0.001,pu_zscore,0.3819332718849182,907689.5,108.89558410644533,0.29610675573349,0.1234366297721862,0.1067155301570892,0.3557060062885284,3443253.75,171145.828125,0.0005616332055069,16358.2099609375,170.74658203125,143.01788330078125,0.0124417720362544,121.80538940429688
nnconv,IEEE24,100,B,2,128,0.001,pu_zscore,3.4165587425231934,5518937.5,334.5488586425781,2.115732431411743,2.914825201034546,0.4387391805648803,0.3810643851757049,18876750.0,3197993.5,0.0040546050295233,1005.6343994140624,886.616455078125,426.7437133789063,0.0279319565743207,24.8073673248291
nnconv,IEEE39,100,B,2,128,0.001,pu_zscore,7.580404758453369,84979272.0,902.5997314453124,6.339377880096436,0.9880216121673584,0.3361140191555023,4.031317710876465,336339264.0,3375534.5,0.0077921678312122,202347.0,2929.646728515625,362.2903137207031,0.0556580983102321,318.4062805175781
nnconv,UK,100,B,2,128,0.001,pu_zscore,0.1229591146111488,3021174.25,415.69427490234375,0.0692809224128723,0.1325520128011703,1.4294027090072632,1.8939430713653564,9644722.0,2346532.25,0.003330779960379,93443.0234375,488.42138671875,945.996826171875,0.0201954785734415,228.3387451171875
nnconv,IEEE118,300,B,2,128,0.001,pu_zscore,0.3320582509040832,686105.4375,101.41566467285156,0.2583595812320709,0.097186379134655,0.0965923815965652,0.3626066148281097,2621328.75,106093.5625,0.0004601328982971,16999.05859375,148.96824645996094,131.77194213867188,0.010762957856059,124.91171264648438
nnconv,IEEE24,300,B,2,128,0.001,pu_zscore,3.331631183624268,5247972.5,330.9661865234375,2.075309991836548,2.741297483444214,0.1687292009592056,0.3790234625339508,18162336.0,2828556.75,0.0005996754625812,994.8912353515624,869.3736572265625,431.2254638671875,0.0128095392137765,23.253007888793945
nnconv,IEEE39,300,B,2,128,0.001,pu_zscore,8.043811798095703,95686800.0,910.6959228515624,6.7559123039245605,0.4255013465881347,0.3147391676902771,3.2424156665802,381990240.0,626053.6875,0.0068326098844408,130900.125,3121.607666015625,237.7022857666016,0.0469282418489456,283.42657470703125
nnconv,UK,300,B,2,128,0.001,pu_zscore,0.1366629898548126,3732124.75,517.6890258789062,0.0709714442491531,0.1849469095468521,6.533642292022705,3.029730796813965,10121145.0,4568230.5,0.0695900842547416,239122.890625,525.45751953125,1235.2049560546875,0.0792184844613075,310.01434326171875
gat,IEEE24,0,B,2,128,0.001,pu_zscore,0.4114032387733459,80022.6875,63.44077301025391,0.1267764270305633,0.8138564229011536,0.2279079705476761,0.6580421924591064,67777.0546875,249314.875,0.0010940944775938,2998.8232421875,50.58974456787109,165.86337280273438,0.0189803503453731,37.291015625
gat,IEEE24,100,B,2,128,0.001,pu_zscore,0.4997451901435852,118079.625,77.18080139160156,0.2585792243480682,0.7041264772415161,0.3913908898830414,0.7345630526542664,281963.5625,186618.171875,0.0032266895286738,3736.81494140625,102.34513092041016,157.88841247558594,0.0300480611622333,48.459617614746094
gat,IEEE24,300,B,2,128,0.001,pu_zscore,1.0514601469039917,522713.0,124.66124725341795,0.6212613582611084,1.0974483489990234,0.467017263174057,1.1950299739837646,1627625.25,453336.53125,0.0045941122807562,9890.1083984375,259.55224609375,172.90843200683594,0.0332668796181678,66.15111541748047
gat,IEEE24,700,B,2,128,0.001,pu_zscore,0.3179545700550079,47797.80078125,50.432762145996094,0.053553357720375,0.6832368969917297,0.2702232301235199,0.6993843913078308,12094.2548828125,175709.484375,0.0015380878467112,3387.46875,18.517946243286133,139.89358520507812,0.0188351552933454,43.300689697265625
gat,IEEE24,1000,B,2,128,0.001,pu_zscore,0.9142095446586608,395156.59375,106.8584213256836,0.5531912446022034,0.8754410743713379,0.3484981954097748,0.4892290234565735,1290494.875,288473.8125,0.0025582138914614,1657.5545654296875,228.4779357910156,172.20277404785156,0.0276395250111818,26.725360870361328
gat,IEEE39,0,B,2,128,0.001,pu_zscore,0.5227577686309814,404137.5625,93.22127532958984,0.1677239537239074,0.6305270195007324,0.1951946318149566,0.7160792946815491,235436.859375,1374729.0,0.0026279722806066,6384.4716796875,77.38101196289062,228.6535186767578,0.0324045270681381,66.81809997558594
gat,IEEE39,100,B,2,128,0.001,pu_zscore,0.1912752538919448,54106.0390625,47.23456954956055,0.0146784838289022,0.246631845831871,0.1941501200199127,0.5868262052536011,1803.21142578125,210333.28125,0.0025999224744737,4287.67236328125,4.881400108337402,129.8820037841797,0.0325696468353271,54.14228820800781
gat,IEEE39,300,B,2,128,0.001,pu_zscore,0.0645045042037963,6153.3037109375,28.3496036529541,0.0234301351010799,0.068016842007637,0.2014589458703994,0.5683271288871765,4594.453125,15997.150390625,0.0027993563562631,4021.60498046875,9.814020156860352,47.683719635009766,0.0330022498965263,55.867671966552734
gat,IEEE39,700,B,2,128,0.001,pu_zscore,0.1136849820613861,19113.2421875,39.595436096191406,0.0418578162789344,0.1268716752529144,0.1972721368074417,0.7016647458076477,14663.4912109375,55659.4609375,0.002684210659936,6130.0205078125,18.6292781829834,78.90790557861328,0.0348180122673511,60.80973434448242
gat,IEEE39,1000,B,2,128,0.001,pu_zscore,0.7890878319740295,920828.6875,104.74069213867188,0.6604886651039124,0.0909647345542907,0.2151579707860946,0.5433259010314941,3651026.5,28612.501953125,0.0031930075492709,3675.5595703125,305.8934326171875,64.45185852050781,0.0375876203179359,48.57991409301758
gat,IEEE118,0,B,2,128,0.001,pu_zscore,0.3421628177165985,728497.375,100.89716339111328,0.2645204067230224,0.1149892508983612,0.1055604368448257,0.3692875802516937,2747835.5,148522.640625,0.0005495406803674,17631.23828125,152.51116943359375,124.93492889404295,0.0130866542458534,126.12944793701172
gat,IEEE118,100,B,2,128,0.001,pu_zscore,0.1534492671489715,146518.328125,65.25967407226562,0.1155180409550666,0.0642408058047294,0.0917976349592208,0.3481301963329315,524049.09375,46355.37890625,0.000415585556766,15668.8369140625,66.47513580322266,74.96904754638672,0.010776818729937,119.5837631225586
gat,IEEE118,300,B,2,128,0.001,pu_zscore,0.1916695833206176,228596.046875,65.58724212646484,0.1491887271404266,0.0479976050555706,0.0952021926641464,0.3342085182666778,874066.25,25877.19921875,0.0004469833802431,14440.7060546875,85.90972137451172,61.7226676940918,0.0116219911724329,114.70497131347656
gat,IEEE118,700,B,2,128,0.001,pu_zscore,0.1573721766471862,154105.53125,67.53336334228516,0.119490347802639,0.0611395761370658,0.1005837991833686,0.3258181512355804,560709.625,41987.79296875,0.0004989460576325,13724.732421875,68.75942993164062,89.7327880859375,0.0120134400203824,111.62923431396484
gat,IEEE118,1000,B,2,128,0.001,pu_zscore,0.2032788842916488,257126.53125,86.935546875,0.1443605422973632,0.1319608837366104,0.0919147208333015,0.3348857462406158,818407.0,195599.90625,0.0004166464204899,14499.2890625,83.11698913574219,149.29132080078125,0.0105176735669374,115.32332611083984
gat,UK,0,B,2,128,0.001,pu_zscore,0.1547810733318328,4787294.0,541.2114868164062,0.0847041830420494,0.1845261305570602,3.80488920211792,2.6634371280670166,14416909.0,4547468.0,0.0236004739999771,184798.28125,643.3428344726562,1262.2618408203125,0.051719706505537,259.18951416015625
gat,UK,100,B,2,128,0.001,pu_zscore,0.192241832613945,7384994.0,873.7717895507812,0.0992433726787567,0.2520916759967804,1.638041853904724,6.959537029266357,19790894.0,8487327.0,0.0043740798719227,1261751.125,804.7520751953125,1872.614501953125,0.0235395543277263,817.6973266601562
gat,UK,300,B,2,128,0.001,pu_zscore,0.1400876492261886,3921516.75,564.2715454101562,0.0732942596077919,0.187838613986969,3.76723051071167,2.6240451335906982,10794496.0,4712199.0,0.0231356211006641,179372.40625,528.734375,1445.752197265625,0.0546442344784736,282.5450744628906
gat,UK,700,B,2,128,0.001,pu_zscore,0.2362572848796844,11153849.0,1282.753662109375,0.1019149273633956,0.2931594848632812,4.179001808166504,21.699939727783203,20870744.0,11477884.0,0.0284696351736783,12266766.0,816.52001953125,1918.88330078125,0.0574433840811252,2395.5537109375
gat,UK,1000,B,2,128,0.001,pu_zscore,0.2812542021274566,15807107.0,1322.377197265625,0.0794656425714492,0.6084308624267578,1.6979365348815918,6.497720241546631,12688818.0,49439764.0,0.0046998029574751,1099854.0,598.8905639648438,3974.523193359375,0.0195840634405612,716.0757446289062
gcn,IEEE24,0,B,2,128,0.001,pu_zscore,0.9357134699821472,413964.84375,119.4724349975586,0.4856548607349396,1.322454810142517,0.2558130621910095,0.6520874500274658,994629.125,658285.375,0.0013784187613055,2944.79541015625,194.4439849853516,243.3152008056641,0.0191720426082611,40.11138534545898
gcn,IEEE24,100,B,2,128,0.001,pu_zscore,0.8642911911010742,353181.46875,118.40628814697266,0.4121358394622803,1.3579859733581543,0.2729363143444061,0.5770959258079529,716286.0625,694133.625,0.0015691282460466,2306.42578125,164.4335479736328,273.6508483886719,0.0211991947144269,35.51957321166992
gcn,IEEE24,300,B,2,128,0.001,pu_zscore,0.4124068021774292,80413.5703125,67.71611785888672,0.1780879497528076,0.7023752331733704,0.1804671287536621,0.5660689473152161,133744.15625,185691.03125,0.0006860123830847,2219.12646484375,72.27030944824219,162.90109252929688,0.0158065184950828,35.67728805541992
gcn,IEEE24,700,B,2,128,0.001,pu_zscore,0.8636902570724487,352690.46875,99.43805694580078,0.4282070398330688,1.3000307083129885,0.2645379602909088,0.4453101754188537,773238.25,636150.375,0.0014740482438355,1373.3101806640625,115.22907257080078,257.01220703125,0.0191335566341877,25.49180603027344
gcn,IEEE24,1000,B,2,128,0.001,pu_zscore,1.818023443222046,1562703.75,182.5828094482422,1.1651371717453003,1.1785258054733276,0.1702300161123275,0.6826894879341125,5724793.5,522794.25,0.0006103909108787,3227.675537109375,486.8841552734375,200.7001190185547,0.0153112057596445,42.73163986206055
gcn,IEEE39,0,B,2,128,0.001,pu_zscore,4.686767578125,32484414.0,610.1831665039062,3.6937777996063232,2.1338915824890137,0.2093527466058731,0.4765517115592956,114189408.0,15745425.0,0.0030230297707021,2827.630859375,1711.1124267578125,684.5545654296875,0.0383492484688758,45.02705764770508
gcn,IEEE39,100,B,2,128,0.001,pu_zscore,4.3357038497924805,27800166.0,529.463623046875,3.554760694503784,1.2544680833816528,0.2379798144102096,0.4938060939311981,105756000.0,5441629.0,0.0039062974974513,3036.096435546875,1646.71337890625,423.3197326660156,0.0440586544573307,47.77737808227539
gcn,IEEE39,300,B,2,128,0.001,pu_zscore,1.5911158323287964,3743964.5,195.41085815429688,1.321904182434082,0.3183048069477081,0.2043220996856689,0.2695991396903991,14624608.0,350345.125,0.002879491308704,904.9813842773438,612.3460083007812,145.74143981933594,0.0339953303337097,23.52199935913086
gcn,IEEE39,700,B,2,128,0.001,pu_zscore,1.6332828998565674,3945036.5,216.25233459472656,1.3490909337997437,0.3962098956108093,0.2366962730884552,0.63230961561203,15232343.0,542825.6875,0.0038642741274088,4978.08447265625,624.935546875,189.0665283203125,0.0428510345518589,50.96446990966797
gcn,IEEE39,1000,B,2,128,0.001,pu_zscore,1.4376307725906372,3056489.5,197.71124267578125,1.1775251626968384,0.4219124913215637,0.2228181660175323,0.6923224329948425,11604452.0,615537.5,0.0034244137350469,5967.87158203125,545.4559326171875,183.74343872070312,0.0399693734943866,61.60562515258789
gcn,IEEE118,0,B,2,128,0.001,pu_zscore,0.2773231863975525,478558.125,84.16341400146484,0.217541754245758,0.0582545138895511,0.1168506667017936,0.3693262636661529,1858478.75,38118.63671875,0.000673379516229,17634.9296875,125.41427612304688,83.69782257080078,0.0156999938189983,127.52582550048828
gcn,IEEE118,100,B,2,128,0.001,pu_zscore,0.2946577370166778,540254.0625,84.16043090820312,0.2301878184080124,0.0755122452974319,0.110696330666542,0.3532752990722656,2080831.875,64049.09375,0.0006043157773092,16135.40625,132.70993041992188,81.8021469116211,0.0146663216874003,122.11498260498048
gcn,IEEE118,300,B,2,128,0.001,pu_zscore,0.3385016620159149,712990.8125,92.30422973632812,0.2658227980136871,0.0737872868776321,0.105637639760971,0.3500946760177612,2774960.75,61156.3125,0.000550344819203,15846.1708984375,153.27818298339844,95.37969970703124,0.0133591257035732,120.54563903808594
gcn,IEEE118,700,B,2,128,0.001,pu_zscore,0.1326328068971634,109462.21875,75.82652282714844,0.0946497395634651,0.0792398452758789,0.1076167151331901,0.3463357090950012,351812.5,70528.625,0.0005711588892154,15507.7177734375,54.39113998413086,130.23806762695312,0.0127615062519907,118.66412353515624
gcn,IEEE118,1000,B,2,128,0.001,pu_zscore,0.16927570104599,178300.078125,121.9245147705078,0.0863742902874946,0.1888377219438552,0.1337613463401794,0.3900438547134399,292982.3125,400549.0625,0.0008823863463476,19668.90625,49.57906723022461,304.2093505859375,0.0159301701933145,133.89369201660156
gcn,UK,0,B,2,128,0.001,pu_zscore,0.1833501309156417,6717641.5,591.77734375,0.108353391289711,0.1539245098829269,2.141918659210205,2.1035091876983643,23591058.0,3164240.5,0.007478985004127,115266.171875,894.2761840820312,1209.649169921875,0.0324453152716159,263.15167236328125
gcn,UK,100,B,2,128,0.001,pu_zscore,0.1737750470638275,6034331.0,586.966796875,0.1002089083194732,0.1686341017484665,3.2825493812561035,2.4902937412261963,20177860.0,3797910.0,0.0175654515624046,161552.703125,809.0340576171875,1236.0806884765625,0.0428903028368949,302.70904541015625
gcn,UK,300,B,2,128,0.001,pu_zscore,0.3956721127033233,31284212.0,1431.053955078125,0.1804751455783844,0.6668123006820679,6.920380592346191,3.426582336425781,65448120.0,59382860.0,0.0780722424387931,305868.9375,1498.86962890625,3875.35009765625,0.0929269641637802,349.9035339355469
gcn,UK,700,B,2,128,0.001,pu_zscore,0.1552431583404541,4815920.0,542.1389770507812,0.0892769545316696,0.1471130698919296,6.952591896057129,3.705888271331787,16015524.0,2890389.75,0.0788007229566574,357764.84375,695.6923217773438,1091.8721923828125,0.0890145897865295,380.9024963378906
gcn,UK,1000,B,2,128,0.001,pu_zscore,0.170364648103714,5799803.0,684.8903198242188,0.0731792375445365,0.2894815504550934,12.09561252593994,6.918399333953857,10760642.0,11191691.0,0.2385022342205047,1246878.875,529.76171875,1497.0103759765625,0.0920779854059219,712.6970825195312
gin,IEEE24,0,B,3,128,0.001,pu_zscore,1.441839575767517,982905.0625,218.7028350830078,0.7428319454193115,2.064152956008911,0.3848960995674133,0.3649858832359314,2326949.0,1603748.625,0.0031204898841679,922.5619506835938,310.0057678222656,540.6629028320312,0.033849399536848,24.10890007019043
gin,IEEE24,100,B,3,128,0.001,pu_zscore,0.6074480414390564,174460.03125,101.37384796142578,0.0980357304215431,1.3202359676361084,0.3171012103557586,0.4217766225337982,40529.80859375,656078.3125,0.0021180273033678,1231.99365234375,38.67887496948242,337.64508056640625,0.0261259395629167,29.14529609680176
gin,IEEE24,300,B,3,128,0.001,pu_zscore,0.5857624411582947,162226.125,91.85432434082033,0.278190553188324,0.920711636543274,0.551345705986023,0.7077579498291016,326355.1875,319080.1875,0.0064030033536255,3469.06884765625,82.9648208618164,239.97991943359372,0.0477947704493999,44.424713134765625
gin,IEEE24,700,B,3,128,0.001,pu_zscore,1.0504536628723145,521712.84375,149.36338806152344,0.425763726234436,1.8725351095199585,0.4199229478836059,0.6125632524490356,764439.375,1319813.375,0.0037142829969525,2598.63525390625,175.39527893066406,384.459228515625,0.0309117287397384,37.568058013916016
gin,IEEE24,1000,B,3,128,0.001,pu_zscore,0.3560805916786194,59947.9453125,91.33258819580078,0.0541290529072284,0.7449222803115845,0.3327015936374664,1.6373728513717651,12355.677734375,208869.25,0.002331554191187,18566.86328125,17.48383140563965,268.9722595214844,0.0318396724760532,78.84243774414062
gin,IEEE39,0,B,3,128,0.001,pu_zscore,0.1525661647319793,34422.67578125,53.7893180847168,0.11008270829916,0.0774874687194824,0.2207143604755401,1.1160603761672974,101419.7421875,20762.1640625,0.0033600537572056,15508.794921875,50.73015213012695,50.33003234863281,0.0431236773729324,114.05394744873048
gin,IEEE39,100,B,3,128,0.001,pu_zscore,0.1169294565916061,20219.763671875,49.56280517578125,0.0724744647741317,0.0846426114439964,0.394094318151474,0.9876725077629088,43959.65625,24773.525390625,0.0107123665511608,12145.8681640625,33.14212417602539,63.95671844482422,0.0727936178445816,101.07957458496094
gin,IEEE39,300,B,3,128,0.001,pu_zscore,0.157274380326271,36580.04296875,61.429012298583984,0.1043425276875495,0.0973965227603912,0.1645414680242538,1.3412851095199585,91118.5859375,32801.71875,0.0018673931481316,22399.83984375,48.0515251159668,64.13438415527344,0.0306950043886899,133.49942016601562
gin,IEEE39,700,B,3,128,0.001,pu_zscore,0.1060521453619003,16632.8671875,57.69813919067383,0.0449784733355045,0.0809221938252449,0.1895276308059692,1.4713977575302124,16931.4296875,22643.576171875,0.0024775939527899,26956.458984375,20.006866455078125,60.60451126098633,0.0340263769030571,150.1471405029297
gin,IEEE39,1000,B,3,128,0.001,pu_zscore,0.1743848174810409,44972.33984375,62.500247955322266,0.1301462203264236,0.060912124812603,0.2923512756824493,1.4255210161209106,141757.921875,12829.7197265625,0.0058951517567038,25301.71484375,60.04711532592773,45.05253982543945,0.0551216229796409,144.8462371826172
gin,IEEE118,0,B,3,128,0.001,pu_zscore,0.3036642372608185,573785.625,106.51187133789062,0.2253277450799942,0.1600673496723175,0.1502440422773361,0.322597861289978,1993892.125,287795.34375,0.0011132481740787,13454.7724609375,129.7692108154297,187.1600646972656,0.0209937393665313,109.0971908569336
gin,IEEE118,100,B,3,128,0.001,pu_zscore,0.431159496307373,1156746.625,176.4126434326172,0.2665785551071167,0.4029763042926788,0.1684820055961609,0.3068467974662781,2790761.75,1824051.875,0.0013999242801219,12172.970703125,153.70782470703125,448.0764770507813,0.0245379488915205,103.84172821044922
gin,IEEE118,300,B,3,128,0.001,pu_zscore,0.1754217892885208,191482.65625,64.19087219238281,0.1343861669301986,0.0634137913584709,0.1520318537950515,0.2987660765647888,709220.8125,45169.53125,0.0011398998321965,11540.2685546875,77.34952545166016,79.80716705322266,0.0218841712921857,99.58489227294922
gin,IEEE118,700,B,3,128,0.001,pu_zscore,0.1398142278194427,121636.8125,74.79080200195312,0.0965164303779602,0.0978762432932853,0.1263975650072097,0.3185106515884399,365826.25,107605.0859375,0.0007879068143665,13115.99609375,55.45585632324219,136.1626739501953,0.01525295432657,107.52942657470705
gin,IEEE118,1000,B,3,128,0.001,pu_zscore,0.1944933086633682,235381.15625,84.47854614257812,0.1445683687925338,0.0988112911581993,0.1406117677688598,0.2928580343723297,820765.25,109670.890625,0.000975081231445,11088.3681640625,83.24559020996094,156.20361328125,0.019888712093234,98.44509887695312
gin,UK,0,B,3,128,0.001,pu_zscore,0.23374904692173,10918274.0,1411.9068603515625,0.0658971592783927,0.2806193828582763,184.76710510253903,30.62384033203125,8725610.0,10516936.0,55.65267181396485,24430498.0,470.5521240234375,2065.32763671875,2.255650043487549,3109.4921875
gin,UK,100,B,3,128,0.001,pu_zscore,0.141403466463089,3995530.75,589.6743774414062,0.0771512314677238,0.1221065670251846,19.57105255126953,8.828402519226074,11960467.0,1991278.125,0.6244031190872192,2030379.625,569.67724609375,779.5043334960938,0.268418550491333,1009.2474975585938
gin,UK,300,B,3,128,0.001,pu_zscore,0.991644024848938,196501536.0,4751.31298828125,0.0299889799207448,2.422492742538452,11.256498336791992,4.139935493469238,1807115.0,783752448.0,0.2065586298704147,446478.09375,209.43157958984372,18323.791015625,0.1549686044454574,471.8720703125
gin,UK,700,B,3,128,0.001,pu_zscore,0.1618132442235946,5232177.0,801.6022338867188,0.0750433728098869,0.263078361749649,6.978201866149902,3.766808032989502,11315847.0,9243237.0,0.0793823227286338,369623.84375,548.371826171875,2300.24951171875,0.0880511999130249,357.6996765136719
gin,UK,1000,B,3,128,0.001,pu_zscore,0.2170312851667404,9412371.0,1076.7725830078125,0.0909833237528801,0.3806238174438476,11.535584449768066,8.000577926635742,16633590.0,19348434.0,0.2169281840324401,1667461.125,742.9424438476562,2673.828369140625,0.1551463305950164,890.1646728515625
transformer,IEEE24,0,B,2,128,0.001,pu_zscore,1.1005566120147705,572667.4375,131.6067352294922,0.6623511910438538,1.0755285024642944,0.2384234368801117,0.8678793907165527,1850045.25,435407.96875,0.0011973845539614,5216.29541015625,272.28662109375,209.2842254638672,0.0206560716032981,44.8354606628418
transformer,IEEE24,100,B,2,128,0.001,pu_zscore,0.4553707540035248,98041.0546875,78.68033599853516,0.1198775395750999,0.923127830028534,0.5067418813705444,1.2491363286972046,60601.2265625,320757.03125,0.0054089049808681,10805.9541015625,46.563621520996094,206.7262115478516,0.0384646691381931,61.39307403564453
transformer,IEEE24,300,B,2,128,0.001,pu_zscore,0.3360938727855682,53407.08984375,52.74849319458008,0.1899779587984085,0.3984664380550384,0.4462412297725677,0.4904368221759796,152199.125,59763.5,0.0041944505646824,1665.7490234375,78.25894165039062,101.07267761230467,0.0304860491305589,31.63186264038086
transformer,IEEE24,700,B,2,128,0.001,pu_zscore,0.3013140261173248,42925.6015625,50.22186279296875,0.0445850044488906,0.6543978452682495,0.7512618899345398,0.5546320080757141,8382.689453125,161189.328125,0.0118882656097412,2130.361328125,15.72844696044922,146.05157470703125,0.0494465343654155,39.0579948425293
transformer,IEEE24,1000,B,2,128,0.001,pu_zscore,0.4699100255966186,104401.59375,69.58230590820312,0.0658700689673423,1.0244524478912354,0.3623668551445007,0.7855666875839233,18297.087890625,395035.53125,0.002765875775367,4273.75439453125,23.46083068847656,210.3154296875,0.0285749714821577,44.524375915527344
transformer,IEEE39,0,B,2,128,0.001,pu_zscore,0.1107908338308334,18152.474609375,50.75738525390625,0.0447515696287155,0.0936405509710311,0.4120408892631531,1.4318886995315552,16761.03515625,30320.58984375,0.011710237711668,25528.2578125,20.05225944519043,61.94190979003906,0.0673692971467971,120.96797943115234
transformer,IEEE39,100,B,2,128,0.001,pu_zscore,0.1752476394176483,45418.4765625,61.39564895629883,0.1170397773385047,0.1106042936444282,0.2617756128311157,1.4092841148376465,114643.9765625,42301.296875,0.0047265407629311,24728.611328125,53.96086502075195,71.37013244628906,0.0447353012859821,120.20687866210938
transformer,IEEE39,300,B,2,128,0.001,pu_zscore,0.123228520154953,22456.947265625,44.19234085083008,0.0796633288264274,0.0848776176571846,0.2494972646236419,0.9736509323120116,53113.0390625,24911.283203125,0.0042935512028634,11803.4560546875,36.52824020385742,57.21793365478516,0.0388764254748821,82.98432159423828
transformer,IEEE39,700,B,2,128,0.001,pu_zscore,0.1322691291570663,25872.904296875,53.27975463867188,0.0781330540776252,0.1034605354070663,0.2952328622341156,1.1116361618041992,51092.109375,37013.4140625,0.0060119382105767,15386.078125,35.81033706665039,80.63690185546875,0.0522399693727493,96.61953735351562
transformer,IEEE39,1000,B,2,128,0.001,pu_zscore,0.1197780221700668,21216.923828125,55.30393981933594,0.0555063635110855,0.0977523177862167,0.3422963917255401,1.4461896419525146,25785.16015625,33041.8125,0.0080814585089683,26040.7265625,25.16689109802246,76.91899108886719,0.0510048605501651,119.07886505126952
transformer,IEEE118,0,B,2,128,0.001,pu_zscore,0.2363023161888122,347454.75,81.3852767944336,0.1835051625967025,0.0669470801949501,0.1197494193911552,0.3632242679595947,1322418.625,50343.26953125,0.0007072034059092,17057.013671875,105.76058197021484,94.86286163330078,0.0153416078537702,124.9022979736328
transformer,IEEE118,100,B,2,128,0.001,pu_zscore,0.19582100212574,238605.75,69.55369567871094,0.1515929549932479,0.0570810176432132,0.116687037050724,0.3446792662143707,902465.0,36598.359375,0.0006714948685839,15359.734375,87.32987213134766,74.47367095947266,0.0138983204960823,116.3973617553711
transformer,IEEE118,300,B,2,128,0.001,pu_zscore,0.2924033403396606,532018.875,86.66742706298828,0.2284477651119232,0.074342630803585,0.1267784386873245,0.3572823703289032,2049491.625,62080.33203125,0.0007926624384708,16503.517578125,131.7109375,92.37641143798828,0.0166965816169977,122.56566619873048
transformer,IEEE118,700,B,2,128,0.001,pu_zscore,0.2587288618087768,416535.59375,84.12565612792969,0.2001004517078399,0.0825904980301857,0.1197368130087852,0.3637166023254394,1572419.75,76619.328125,0.0007070544525049,17103.287109375,115.3427963256836,97.71215057373048,0.0141867334023118,123.4334945678711
transformer,IEEE118,1000,B,2,128,0.001,pu_zscore,0.312899500131607,609217.125,90.3672332763672,0.2411400377750396,0.1111233532428741,0.1118613108992576,0.336184024810791,2283552.5,138703.953125,0.000617102428805,14611.9267578125,139.0112762451172,107.11458587646484,0.0131864827126264,115.3298797607422
transformer,UK,0,B,2,128,0.001,pu_zscore,0.1474505513906479,4344573.5,529.8842163085938,0.0734715089201927,0.2089562714099884,2.1676549911499023,5.184598922729492,10846768.0,5831291.5,0.0076597924344241,700234.25,545.2806396484375,1081.9794921875,0.0333026833832263,492.2436218261719
transformer,UK,100,B,2,128,0.001,pu_zscore,0.1429685950279235,4084469.75,485.74114990234375,0.0809021070599556,0.1508191078901291,4.081025123596191,2.386146545410156,13151704.0,3037852.5,0.0271503366529941,148322.578125,611.9664916992188,1070.4700927734375,0.0545314289629459,260.4735412597656
transformer,UK,300,B,2,128,0.001,pu_zscore,0.1787692606449127,6386163.5,662.687255859375,0.0811971053481102,0.3001883327960968,3.143104791641236,3.171265125274658,13247793.0,12034874.0,0.0161047670990228,261986.03125,611.9717407226562,1683.2061767578125,0.0346032120287418,355.5364990234375
transformer,UK,700,B,2,128,0.001,pu_zscore,0.1621519476175308,5254104.5,572.0803833007812,0.0851963832974433,0.216231107711792,1.7571799755096436,2.679859399795532,14584941.0,6244393.5,0.0050334907136857,187084.140625,649.831787109375,1373.68115234375,0.0231413301080465,264.785400390625
transformer,UK,1000,B,2,128,0.001,pu_zscore,0.1364903748035431,3722703.0,460.0230712890625,0.0772750377655029,0.1437024921178817,2.99522066116333,2.26804780960083,11998883.0,2757925.5,0.0146249504759907,134003.90625,565.3948364257812,1021.9743041992188,0.0416710153222084,252.6813507080078
