model,grid,seed,regime,num_layers,hidden,learning_rate,normalize,nrmse,mse,mae,nrmse_P,nrmse_Q,nrmse_V,nrmse_theta,mse_P,mse_Q,mse_V,mse_theta,mae_P,mae_Q,mae_V,mae_theta
arma_gnn,IEEE24,0,A,8,128,0.001,pu_zscore,0.000189786995179,0.0198698174208402,0.0313847661018371,0.0001024123412207,0.0002390173176536,0.000623911852017,0.0004049914132338,0.0514985099434852,0.0273219272494316,4.727798152970308e-09,0.0006588293472304,0.0279006697237491,0.0818386152386665,4.213712963974103e-05,0.015757642686367
arma_gnn,IEEE24,100,A,8,128,0.001,pu_zscore,0.0002679705794434,0.0396127663552761,0.053160011768341,0.0001089711367967,0.0004556024214252,0.0002980603894684,0.0004663447325583,0.0583059825003147,0.0992715135216713,1.078998779213691e-09,0.0008735654992051,0.0305423233658075,0.1630745679140091,1.5635689123882912e-05,0.0190075263381004
arma_gnn,IEEE24,300,A,8,128,0.001,pu_zscore,0.0002599703730084,0.037282820791006,0.0422374717891216,0.000150888110511,0.0002773893356788,0.0002974261878989,0.0003677820204757,0.1117892861366272,0.036798670887947,1.0744120038097547e-09,0.0005433283513411,0.0571630112826824,0.0966017246246337,1.5562722182949074e-05,0.0151696112006902
arma_gnn,IEEE24,700,A,8,128,0.001,pu_zscore,0.0003246437117923,0.0581399910151958,0.0502200946211814,0.0001969813019968,0.0002903677523136,0.0004794338601641,0.0006538950838148,0.1905197948217392,0.0403226837515831,2.7917075318129037e-09,0.0017175030661746,0.0836437195539474,0.0852034091949462,2.697654053918086e-05,0.0320062972605228
arma_gnn,IEEE24,1000,A,8,128,0.001,pu_zscore,0.0001990434684557,0.021855304017663,0.0296625141054391,0.0001176138030132,0.0001968484430108,0.0003563761129043,0.000490918115247,0.0679214149713516,0.0185317546129226,1.542515892793972e-09,0.0009680535295046,0.0336326658725738,0.0675852224230766,1.8841003111447208e-05,0.017413318157196
arma_gnn,IEEE39,0,A,8,128,0.001,pu_zscore,0.0004024294612463,0.2463057339191436,0.0874464139342308,0.0002505519951228,0.0003405949682928,0.001253716298379,0.0015825317241251,0.5345339179039001,0.4229283332824707,1.0068414724173637e-07,0.0277605336159467,0.0529624819755554,0.2011728286743164,0.0001919305504998,0.0954583659768104
arma_gnn,IEEE39,100,A,8,128,0.001,pu_zscore,0.0003912224492523,0.2327783405780792,0.081453762948513,0.0002486940938979,0.0003251813177485,0.0009273975738324,0.0013079240452498,0.5266359448432922,0.3855152130126953,5.509274814130549e-08,0.0189621653407812,0.0708302780985832,0.1799491345882415,0.0001202499115606,0.0749153569340705
arma_gnn,IEEE39,300,A,8,128,0.001,pu_zscore,0.0003289177839178,0.1645393371582031,0.0798243135213851,0.0001617131056264,0.000335386081133,0.0009478310821577,0.0015135143185034,0.2226742506027221,0.4100911319255829,5.7547229204146795e-08,0.0253919456154108,0.0441478304564952,0.1830345094203949,0.0001371742837363,0.0919777527451515
arma_gnn,IEEE39,700,A,8,128,0.001,pu_zscore,0.0005790381692349,0.5099287033081055,0.100253976881504,0.000387016654713,0.0004492969892453,0.0013455857988446,0.0015998595627024,1.2753777503967283,0.735965371131897,1.1598058335948737e-07,0.0283717848360538,0.0954191833734512,0.2290306240320205,0.000156403373694,0.0764097273349762
arma_gnn,IEEE39,1000,A,8,128,0.001,pu_zscore,0.0003466802299953,0.1827903240919113,0.0721405819058418,0.000205707954592,0.0003126614028587,0.0010297761764377,0.0011415837798267,0.3603144586086273,0.3564009964466095,6.792789974952029e-08,0.0144456950947642,0.0601097233593463,0.1613004952669143,0.0001647120807319,0.066987358033657
arma_gnn,IEEE118,0,A,8,128,0.001,pu_zscore,0.0009154000435955,4.720694541931152,0.3888752162456512,0.0003615280147641,0.0009042718447744,0.002115168608725,0.0135070607066154,4.978682041168213,8.079336166381836,1.9662778072415682e-07,5.824759483337402,0.1555397510528564,0.7255380749702454,0.0001420523913111,0.6742809414863586
arma_gnn,IEEE118,100,A,8,128,0.001,pu_zscore,0.0008191671804524,3.780324697494507,0.373337984085083,0.0004432779096532,0.0007775849080644,0.0024218575563281,0.007215766236186,7.484842300415039,5.97411060333252,2.577816928805987e-07,1.662345051765442,0.2269085645675659,0.6730095744132996,0.0001665412128204,0.5932672023773193
arma_gnn,IEEE118,300,A,8,128,0.001,pu_zscore,0.0008459944510832,4.031986236572266,0.388207346200943,0.0003180360072292,0.0008256832370534,0.0025906676892191,0.0131716253235936,3.852858066558838,6.736038684844971,2.949703343801957e-07,5.5390472412109375,0.1541985869407653,0.7092593908309937,0.0001291777589358,0.6892421841621399
arma_gnn,IEEE118,700,A,8,128,0.001,pu_zscore,0.0010047018295153,5.686675548553467,0.4219466149806976,0.0003384681185707,0.0011260870378464,0.0026553990319371,0.0135406283661723,4.363811016082764,12.52914810180664,3.0989494348432345e-07,5.8537468910217285,0.1646106988191604,0.8833864331245422,0.0001605443976586,0.6396288275718689
arma_gnn,IEEE118,1000,A,8,128,0.001,pu_zscore,0.0009281897218897,4.853528022766113,0.3997691869735718,0.0003384251904208,0.0009907239582389,0.0021506918128579,0.0129490001127123,4.362705230712891,9.698018074035645,2.0328775462985504e-07,5.35338830947876,0.1728347837924957,0.8371894955635071,0.000114230584586,0.5889383554458618
arma_gnn,UK,0,A,8,128,0.001,pu_zscore,0.0002136496332241,10.808533668518066,0.7970117926597595,9.799851977732033e-05,0.0003401128924451,0.0002009817835642,0.00078169349581,21.97315788269043,21.24389266967773,3.4271543936092996e-11,0.017089182510972,0.7524913549423218,2.3604135513305664,1.5387453231596735e-06,0.07514089345932
arma_gnn,UK,100,A,8,128,0.001,pu_zscore,0.0001733293465804,7.113882064819336,0.6739988327026367,8.443533442914486e-05,0.0002570682263467,0.0001847639359766,0.0005169559735804,16.311798095703125,12.136258125305176,2.896374633187815e-11,0.0074740378186106,0.6731483340263367,1.971242427825928,1.4977002820160124e-06,0.0516028888523578
arma_gnn,UK,300,A,8,128,0.001,pu_zscore,0.0003189714043401,24.09161949157715,0.9209266304969788,0.0001882150099845,0.0002886879083234,0.0005286548403091,0.0005795554607175,81.05166625976562,15.305416107177734,2.3711813068594267e-10,0.0093937329947948,1.591335654258728,2.033665895462036,5.06228434460354e-06,0.0587001368403434
arma_gnn,UK,700,A,8,128,0.001,pu_zscore,0.0001572335895616,5.854005813598633,0.696519136428833,6.69575747451745e-05,0.0002675361756701,0.0002159878640668,0.0006944201304577,10.257767677307127,13.144769668579102,3.9580286964602245e-11,0.0134863005951046,0.4994086623191833,2.214995622634888,1.7088240156226675e-06,0.0716707706451416
arma_gnn,UK,1000,A,8,128,0.001,pu_zscore,0.0001623288553673,6.239559650421143,0.6305708885192871,7.562451355624944e-05,0.0002541794674471,0.000194304913748,0.0005368437850847,13.0851469039917,11.865029335021973,3.203228307602224e-11,0.0080601684749126,0.5149365067481995,1.9516786336898804,1.323860260526999e-06,0.0556668527424335
gat,IEEE24,0,A,2,128,0.001,pu_zscore,0.0002394897746853,0.0316398851573467,0.0459848195314407,9.944779594661668e-05,0.0003996538289356,0.0005194410332478,0.0006335179787129,0.0485602021217346,0.0763871967792511,3.277064841711308e-09,0.0016121265944093,0.02897884324193,0.1263822615146637,2.8649419618886892e-05,0.028549550101161
gat,IEEE24,100,A,2,128,0.001,pu_zscore,0.0003248702560085,0.0582211576402187,0.0508630834519863,0.0001773144176695,0.0004015189188066,0.0007017752504907,0.0005919253453612,0.1543754339218139,0.0771018266677856,5.981479311856219e-09,0.0014073924394324,0.0687600076198577,0.1107930988073349,4.088662535650656e-05,0.0238583423197269
gat,IEEE24,300,A,2,128,0.001,pu_zscore,0.0002067900204565,0.0235895756632089,0.0523920208215713,7.85360680310987e-05,0.0003511984832584,0.0005198463331907,0.001125251292251,0.0302850566804409,0.0589872039854526,3.2821807494087807e-09,0.0050860466435551,0.0279236603528261,0.1217679753899574,2.645420499902684e-05,0.0598500110208988
gat,IEEE24,700,A,2,128,0.001,pu_zscore,0.0002428046427667,0.0325218327343463,0.0388255231082439,0.0001339096925221,0.0002897566300816,0.0004723921010736,0.0006854538223706,0.0880469158291816,0.0401531308889389,2.7103022048891035e-09,0.0018872859654948,0.0394351258873939,0.0873545110225677,2.6400635761092417e-05,0.0284860711544752
gat,IEEE24,1000,A,2,128,0.001,pu_zscore,0.0003745327703654,0.0773821249604225,0.0609555765986442,0.0002112495276378,0.0004306407063268,0.0005503143183887,0.0006538081797771,0.2191198021173477,0.0886916667222976,3.6781895307314012e-09,0.0017170462524518,0.0800569653511047,0.1335266679525375,3.097000080742873e-05,0.0302077159285545
gat,IEEE39,0,A,2,128,0.001,pu_zscore,0.0133248073980212,270.0330505371094,1.6877166032791138,0.0013937475159764,0.0169552136212587,0.0402597710490226,0.0374011322855949,16.54046630859375,1048.0858154296875,0.0001038257687469,15.505736351013184,0.2979686260223388,5.217118263244629,0.0023840100038796,1.233395218849182
gat,IEEE39,100,A,2,128,0.001,pu_zscore,0.0140396067872643,299.7815856933594,1.955046534538269,0.0028653664048761,0.0174744501709938,0.0406590141355991,0.0379379801452159,69.91007995605469,1113.2620849609375,0.0001058951966115,15.95406436920166,0.8421465158462524,5.708175182342529,0.0025371240917593,1.2673274278640747
gat,IEEE39,300,A,2,128,0.001,pu_zscore,0.0134961968287825,277.0243225097656,1.779319167137146,0.0015452296938747,0.0171471703797578,0.0401574149727821,0.0377712324261665,20.331321716308597,1071.951904296875,0.0001032985019264,15.814126968383787,0.5443698167800903,5.332110404968262,0.0025427620857954,1.2382533550262451
gat,IEEE39,700,A,2,128,0.001,pu_zscore,0.0135067021474242,277.4557189941406,1.7851203680038452,0.0014971575001254,0.0171717815101146,0.0401549227535724,0.0376416370272636,19.085983276367188,1075.031005859375,0.0001032856671372,15.705795288085938,0.4010074734687805,5.578783512115479,0.0024320133961737,1.1582578420639038
gat,IEEE39,1000,A,2,128,0.001,pu_zscore,0.0136836981400847,284.77508544921875,1.7851041555404663,0.0016248031752184,0.0173747558146715,0.0408946946263313,0.0380227193236351,22.479209899902344,1100.5955810546875,0.0001071264050551,16.025413513183594,0.4886454641819,5.394115924835205,0.0024685612879693,1.2551870346069336
gat,IEEE118,0,A,2,128,0.001,pu_zscore,0.0012472642119973,8.763971328735352,0.5879905819892883,0.0004392584960442,0.0014004112454131,0.0024546957574784,0.0161517616361379,7.349720478057861,19.377098083496094,2.64819647100012e-07,8.329063415527344,0.1962001174688339,1.214845895767212,0.000240960260271,0.9406753778457642
gat,IEEE118,100,A,2,128,0.001,pu_zscore,0.0018468636553734,19.215585708618164,0.9113569259643556,0.0006276167114265,0.0023117312230169,0.0023220505099743,0.016841571778059,15.00442886352539,52.80223083496094,2.3697266726685487e-07,9.055689811706545,0.2696360349655151,2.287297010421753,0.0001959392247954,1.0882989168167114
gat,IEEE118,300,A,2,128,0.001,pu_zscore,0.0014922526897862,12.54494571685791,0.6415359377861023,0.0007483400986529,0.0014193069655448,0.0021885042078793,0.0167377647012472,21.331846237182617,19.903535842895508,2.104988254814089e-07,8.9443998336792,0.3694900274276733,1.2109954357147217,0.0001900381903396,0.985468566417694
gat,IEEE118,700,A,2,128,0.001,pu_zscore,0.0018362551927566,18.99547004699707,0.8321592807769775,0.0007713997038081,0.0021117469295859,0.0029849503189325,0.0170244332402944,22.666757583618164,44.06171798706055,3.91587747117228e-07,9.253405570983888,0.4047065377235412,1.8147705793380735,0.0001980866072699,1.108961820602417
gat,IEEE118,1000,A,2,128,0.001,pu_zscore,0.0016233465867117,14.845898628234863,0.6554893255233765,0.0006591161945834,0.0018783990526571,0.0018466374604031,0.0158029273152351,16.548337936401367,34.862083435058594,1.498711981184897e-07,7.9731764793396,0.3268871307373047,1.2850850820541382,0.0001576810027472,1.0098273754119873
gat,UK,0,A,2,128,0.001,pu_zscore,0.0003487684007268,28.80293655395508,1.8431675434112549,0.0001092435413738,0.0006917146383784,0.0005468659219332,0.0011393295135349,27.30517196655273,87.87025451660156,2.5373597667410763e-10,0.0363033674657344,0.7925589084625244,6.476128101348877,3.93357777284109e-06,0.1039792299270629
gat,UK,100,A,2,128,0.001,pu_zscore,0.0002434231719234,14.030925750732422,1.0283446311950684,0.0001025120654958,0.0004178207018412,0.0005276458687148,0.0008364494424313,24.043811798095703,32.06032180786133,2.362138817879611e-10,0.0195671524852514,0.7415974140167236,3.273106098175049,5.003008482162841e-06,0.0986699983477592
gat,UK,300,A,2,128,0.001,pu_zscore,0.0004135254130233,40.49177932739258,1.4123539924621582,0.0002352192532271,0.0004387133812997,0.0004448286199476,0.001042740419507,126.58992767333984,35.346771240234375,1.6788261059108578e-10,0.0304088965058326,1.9696061611175537,3.5659799575805664,3.983028818765888e-06,0.113825187087059
gat,UK,700,A,2,128,0.001,pu_zscore,0.0004224812728352,42.2646598815918,1.496666431427002,0.0002048174646915,0.0006306490395218,0.0005115101812407,0.0011457653017714,95.98147583007812,73.04044342041016,2.2198766436165582e-10,0.036714669317007,1.3958618640899658,4.478904247283936,4.83403937323601e-06,0.1118940711021423
gat,UK,1000,A,2,128,0.001,pu_zscore,0.0002123685990227,10.679306983947754,1.070776104927063,6.0193655372131616e-05,0.0004328682844061,0.0002751605643425,0.000757465197239,8.290005683898926,34.411170959472656,6.42381078885812e-11,0.0160462521016597,0.4005447626113891,3.800429105758667,2.2098113277024822e-06,0.0821285992860794
gcn,IEEE24,0,A,2,128,0.001,pu_zscore,0.0008031661855056,0.3558539748191833,0.1016450226306915,0.000464244687464,0.0008666045032441,0.0015014079399406,0.0012232848675921,1.0582396984100342,0.3591654002666473,2.7378513678399944e-08,0.0060108583420515,0.1513717323541641,0.2067354470491409,9.395778033649548e-05,0.0483789630234241
gcn,IEEE24,100,A,2,128,0.001,pu_zscore,0.00067445874447,0.2509410679340362,0.0861203670501709,0.0003739111998584,0.0008067052694968,0.0009209674899466,0.0012277378700673,0.6864787340164185,0.3112306594848633,1.0301515196431412e-08,0.0060547003522515,0.1079870387911796,0.1938086301088333,4.656640157918446e-05,0.0426392592489719
gcn,IEEE24,300,A,2,128,0.001,pu_zscore,0.0007920241332612,0.3460491597652435,0.0993790552020073,0.0004709855711553,0.0007765842601656,0.0013643959537148,0.001279842457734,1.0891941785812378,0.2884228825569153,2.2609624394931416e-08,0.0065795220434665,0.1586991548538208,0.1900026202201843,8.163221355061978e-05,0.0487328208982944
gcn,IEEE24,700,A,2,128,0.001,pu_zscore,0.0006554055726155,0.2369634062051773,0.1081748455762863,0.0003784295986406,0.0007053173612803,0.0009741731337271,0.0012981039471924,0.7031699419021606,0.237914964556694,1.1526163135044952e-08,0.0067686215043067,0.1530263423919677,0.2264949232339859,5.15617175551597e-05,0.0531265698373317
gcn,IEEE24,1000,A,2,128,0.001,pu_zscore,0.0520626492798328,1495.2489013671875,5.275701522827148,0.032169971615076,0.0431882552802562,0.0252117589116096,0.0430987477302551,5081.49560546875,892.0391845703125,7.720026587776374e-06,7.461233139038086,12.309667587280272,7.511511325836182,0.0010014672297984,1.2806276082992554
gcn,IEEE39,0,A,2,128,0.001,pu_zscore,0.0134609034284949,275.5773010253906,1.8871915340423584,0.002144759055227,0.0169496610760688,0.0398973226547241,0.0376839898526668,39.16846466064453,1047.3995361328125,0.0001019647534121,15.74115753173828,0.5020756125450134,5.602689743041992,0.0026281964965164,1.4413734674453735
gcn,IEEE39,100,A,2,128,0.001,pu_zscore,0.0160004496574401,389.3671875,2.9214274883270264,0.004771776497364,0.0191746987402439,0.0364290438592433,0.045695312321186,193.88296508789065,1340.4403076171875,8.500766853103414e-05,23.145479202270508,1.3962104320526123,8.517457962036133,0.0028304383158683,1.7692115306854248
gcn,IEEE39,300,A,2,128,0.001,pu_zscore,0.0134974485263228,277.07568359375,1.8736275434494016,0.0028685147408396,0.016751006245613,0.040009181946516,0.0370877683162689,70.06379699707031,1022.9918823242188,0.0001025372985168,15.246996879577637,0.8076947331428528,5.533913612365723,0.0024642369244247,1.1504374742507937
gcn,IEEE39,700,A,2,128,0.001,pu_zscore,0.0140511523932218,300.2748413085937,2.136399507522583,0.0037997444160282,0.0170727726072073,0.0400562398135662,0.0373827405273914,122.9386215209961,1062.670166015625,0.0001027786493068,15.490489959716797,1.1818665266036987,6.119203090667725,0.0025126663967967,1.2420154809951782
gcn,IEEE39,1000,A,2,128,0.001,pu_zscore,0.0409187413752079,2546.47607421875,7.232842922210693,0.024552458897233,0.0371045693755149,0.0565199740231037,0.0550589263439178,5132.97900390625,5019.3232421875,0.0002046286535914,33.603023529052734,10.31485366821289,15.515600204467772,0.0066864183172583,3.094231605529785
gcn,IEEE118,0,A,2,128,0.001,pu_zscore,0.0054184305481612,165.3983154296875,1.387210726737976,0.0023355283774435,0.0066817104816436,0.0042745727114379,0.0199433993548154,207.778564453125,441.1160888671875,8.0304567973144e-07,12.698565483093262,0.9704792499542236,3.0079233646392822,0.000348096655216,1.570091724395752
gcn,IEEE118,100,A,2,128,0.001,pu_zscore,0.005750305019319,186.27981567382807,1.831222653388977,0.0010280822170898,0.0082771098241209,0.0130451172590255,0.0295833740383386,40.26115417480469,676.9163818359375,7.479125997633673e-06,27.94162940979004,0.5496898293495178,4.260863304138184,0.0007629430037923,2.5135746002197266
gcn,IEEE118,300,A,2,128,0.001,pu_zscore,0.0039524785242974,88.00818634033203,1.190609574317932,0.0017014280892908,0.004818333312869,0.0043782563880085,0.019687196239829,110.2700653076172,229.3883209228516,8.424755719715904e-07,12.374396324157717,0.7004265189170837,2.343736410140991,0.00042229850078,1.7178531885147097
gcn,IEEE118,700,A,2,128,0.001,pu_zscore,0.0059773907996714,201.2831115722656,1.9550997018814087,0.0010018448811024,0.008624673821032,0.0131420763209462,0.0316299423575401,38.232383728027344,734.958740234375,7.590717814309755e-06,31.94133949279785,0.5375556945800781,4.759854793548584,0.0007319338619709,2.522256135940552
gcn,IEEE118,1000,A,2,128,0.001,pu_zscore,0.0149015830829739,1250.9755859375,4.6635422706604,0.0078723765909671,0.0161311067640781,0.0200278125703334,0.0475451536476612,2360.70751953125,2571.022705078125,1.7628764908295125e-05,72.17201232910156,3.80068564414978,9.486733436584473,0.0015014637028798,5.365249156951904
gcn,UK,0,A,2,128,0.001,pu_zscore,0.000487194454763,56.20398712158203,2.314668893814087,0.0001714246027404,0.0009258796926587,0.0006128932000137,0.0022912556305527,67.23567199707031,157.4334716796875,3.1870572847481066e-10,0.1468234211206436,1.2532975673675537,7.7834858894348145,4.578520474751713e-06,0.2218872308731079
gcn,UK,100,A,2,128,0.001,pu_zscore,0.0005395867628976,68.94219970703125,1.9927079677581787,0.0002844862465281,0.0007016607560217,0.0005764595116488,0.0025450205430388,185.17225646972656,90.41537475585938,2.819407762810755e-10,0.1811468750238418,2.4222023487091064,5.296642303466797,5.034865807829192e-06,0.2519817352294922
gcn,UK,300,A,2,128,0.001,pu_zscore,0.0005178153514862,63.49102020263672,2.495506525039673,0.0001435458398191,0.0010607325239107,0.0007854389259591,0.0025802345480769,47.1448860168457,206.6330108642578,5.234137567811104e-10,0.1861943900585174,0.9395930171012878,8.76984691619873,7.14450061423122e-06,0.2725792825222015
gcn,UK,700,A,2,128,0.001,pu_zscore,0.0056253070943057,7492.98779296875,22.183393478393555,0.0027032552752643,0.0084900865331292,0.0011256518773734,0.022847032174468,16719.6640625,13237.6884765625,1.0750496048927971e-09,14.598484992980955,21.95999336242676,64.82599639892578,9.83071731752716e-06,1.9475784301757808
gcn,UK,1000,A,2,128,0.001,pu_zscore,0.0044323112815618,4651.8212890625,14.243408203125,0.0023221671581268,0.0058361198753118,0.0012847766047343,0.0225957985967397,12337.8740234375,6255.13037109375,1.4004754023133612e-09,14.279191970825195,12.950751304626465,42.135536193847656,1.2365250768198166e-05,1.8873332738876345
gin,IEEE24,0,A,3,128,0.001,pu_zscore,0.0003132575948256,0.0541332624852657,0.0495147258043289,0.0001821104669943,0.0003303094708826,0.0010346060153096,0.0006140558980405,0.1628395617008209,0.0521788634359836,1.3000572174348692e-08,0.0015145969809964,0.0701971054077148,0.0992689132690429,6.802633288316429e-05,0.0285248700529336
gin,IEEE24,100,A,3,128,0.001,pu_zscore,0.0003505858185235,0.0678031146526336,0.0538850352168083,0.0002048661262961,0.0003637892659753,0.0005193372489884,0.0006772768101654,0.206077441573143,0.0632925108075141,3.2757547785422503e-09,0.0018425266025587,0.0784994661808013,0.1063788086175918,2.6587173124426045e-05,0.0306352861225605
gin,IEEE24,300,A,3,128,0.001,pu_zscore,0.0004266184405423,0.1004014909267425,0.0643514096736908,0.0002631569805089,0.0003535849100444,0.0007153761107474,0.0006661129882559,0.3400321006774902,0.0597915835678577,6.215576053847371e-09,0.001782284816727,0.1095290780067443,0.1188853457570076,4.479589551920071e-05,0.0289464183151721
gin,IEEE24,700,A,3,128,0.001,pu_zscore,0.0004010801494587,0.0887407958507537,0.0484083518385887,0.0002524505252949,0.0002922780113294,0.0005741890054196,0.0005423431284725,0.312926709651947,0.0408549755811691,4.004259590573156e-09,0.0011814888566732,0.0744333118200302,0.0957619249820709,3.498584192129783e-05,0.0234031789004802
gin,IEEE24,1000,A,3,128,0.001,pu_zscore,0.000435713911429,0.1047282367944717,0.0775376632809639,0.000231650104979,0.0005663558258675,0.0005729495314881,0.0007102480158209,0.2634845674037933,0.153402104973793,3.986990737558926e-09,0.0020262887701392,0.0706066265702247,0.2076123803853988,3.276353163528256e-05,0.0318989045917987
gin,IEEE39,0,A,3,128,0.001,pu_zscore,0.0128753501921892,252.12338256835935,1.409332036972046,0.0005406725686043,0.0165669173002243,0.0028278084937483,0.0220185220241546,2.489133358001709,1000.6304321289062,5.122270181345812e-07,5.374020099639893,0.1515916734933853,4.958023548126221,0.0003894939145538,0.5273246765136719
gin,IEEE39,100,A,3,128,0.001,pu_zscore,0.0129288146272301,254.22161865234372,1.392166256904602,0.0005532823852263,0.0166338589042425,0.0025200361851602,0.0223694778978824,2.6065926551818848,1008.7332153320312,4.067954932907014e-07,5.546698570251465,0.2224738299846649,4.795840740203857,0.0003745052672456,0.5499757528305054
gin,IEEE39,300,A,3,128,0.001,pu_zscore,0.0132409958168864,266.6467590332031,1.508548378944397,0.0009632736328057,0.0169958304613828,0.0024345493875443,0.0224216487258672,7.900941371917725,1053.1134033203125,3.796642715769849e-07,5.572600841522217,0.3748810589313507,5.057076454162598,0.0003597947943489,0.6018763780593872
gin,IEEE39,700,A,3,128,0.001,pu_zscore,0.0130001790821552,257.0358581542969,1.403571367263794,0.0008735324372537,0.0166960284113883,0.0022341737058013,0.0219863634556531,6.497369289398193,1016.2877807617188,3.197395699316985e-07,5.358333110809326,0.3804998993873596,4.753439426422119,0.0003509947564452,0.4799949824810028
gin,IEEE39,1000,A,3,128,0.001,pu_zscore,0.0130441393703222,258.77716064453125,1.654432773590088,0.0012057449202984,0.0167042911052703,0.0031338224653154,0.0221441071480512,12.379136085510254,1017.2939453125,6.29087878678547e-07,5.435496330261231,0.3898206055164337,5.686022758483887,0.0004206503217574,0.5414659976959229
gin,IEEE118,0,A,3,128,0.001,pu_zscore,0.0012254003668203,8.459409713745117,0.624572217464447,0.0003336240479256,0.0015903752064332,0.0014670211821794,0.0120127331465482,4.239798545837402,24.99060821533203,9.458617711288753e-08,4.607230186462402,0.1792367547750473,1.4730793237686155,0.0001151824835687,0.8458577394485474
gin,IEEE118,100,A,3,128,0.001,pu_zscore,0.0007452437421306,3.1288211345672607,0.4213416874408722,0.0001330560771748,0.0008664311608299,0.0019555049948394,0.0117709208279848,0.6743726134300232,7.417297840118408,1.6806323799301026e-07,4.42361307144165,0.0563947223126888,0.8906011581420898,0.0001834633440012,0.7381876707077026
gin,IEEE118,300,A,3,128,0.001,pu_zscore,0.0006730968598276,2.5523436069488525,0.3909878730773926,0.0002026630827458,0.0005627605714835,0.0020580035634338,0.0131438625976443,1.5645148754119873,3.1291391849517822,1.8614321106724677e-07,5.515720844268799,0.0947419852018356,0.6628159880638123,0.0001816300646169,0.8062117695808411
gin,IEEE118,700,A,3,128,0.001,pu_zscore,0.0006376894307322,2.2908806800842285,0.3630662858486175,9.80715049081482e-05,0.0006830749916844,0.0014850542647764,0.0114518050104379,0.3663668036460876,4.610143184661865,9.692583091691632e-08,4.187011241912842,0.043354358524084,0.7454729676246643,0.0001392622652929,0.6632985472679138
gin,IEEE118,1000,A,3,128,0.001,pu_zscore,0.0006802103016525,2.606575965881348,0.3695846796035766,0.0001378935849061,0.0007179030799306,0.0012327696895226,0.0120160281658172,0.72430020570755,5.092244625091553,6.679113084828714e-08,4.6097588539123535,0.0572274886071682,0.7593242526054382,0.0001206506203743,0.661666214466095
gin,UK,0,A,3,128,0.001,pu_zscore,0.0003553773858584,29.90488052368164,1.4257137775421145,0.0001634599175304,0.0005641858442686,0.0003508230147417,0.001036680303514,61.13302612304688,58.4564323425293,1.044230743540986e-10,0.0300564728677272,1.1513683795928955,4.436290264129639,2.7217124625167344e-06,0.1151933521032333
gin,UK,100,A,3,128,0.001,pu_zscore,0.0004907842958346,57.03530883789063,1.6609001159667969,0.0002507906465325,0.0006771080661565,0.0003103423223365,0.0011617016280069,143.90505981445312,84.19840240478516,8.171510690324624e-11,0.0377430915832519,1.9713956117630005,4.537723064422607,2.7819748993351823e-06,0.134479746222496
gin,UK,300,A,3,128,0.001,pu_zscore,0.0007888554246164,147.3524169921875,2.847289085388184,0.0003892424574587,0.0011494235368445,0.0013817901490256,0.0021193271968513,346.6520690917969,242.6320037841797,1.6199607211220266e-09,0.1256158053874969,2.974091053009033,8.220856666564941,8.518079084751662e-06,0.1942017376422882
gin,UK,700,A,3,128,0.001,pu_zscore,0.000425857520895,42.94287872314453,1.5170379877090454,0.0002262535999761,0.0005453436169773,0.0004420811019372,0.0010503024095669,117.12359619140624,54.6170654296875,1.65815139396841e-10,0.0308515485376119,1.7294774055480957,4.223210334777832,3.8236994441831484e-06,0.1154595911502838
gin,UK,1000,A,3,128,0.001,pu_zscore,0.0004942524828948,57.84425735473633,1.905606985092163,0.000221823589527,0.0008041213150136,0.0005064587458036,0.0012791521148756,112.58197021484376,118.7493133544922,2.1762480706399856e-10,0.0457606986165046,1.3434531688690186,6.140969276428223,3.530033609422389e-06,0.138002261519432
nnconv,IEEE24,0,A,2,128,0.001,pu_zscore,0.0004093161551281,0.0924227237701416,0.0843132436275482,0.0001862879580585,0.0006377669633366,0.0008698380552232,0.0010896369349211,0.1703961193561554,0.1945255547761917,9.189444760693276e-09,0.0047691939398646,0.0586029551923275,0.2273557484149933,5.082706775283441e-05,0.0512434542179107
nnconv,IEEE24,100,A,2,128,0.001,pu_zscore,0.0003710862074512,0.0759644880890846,0.062832087278366,0.0002015182108152,0.0004609859897755,0.0011904728598892,0.0008393006282858,0.1993970274925232,0.1016314327716827,1.721279652144858e-08,0.0028295440133661,0.0766294598579406,0.139342576265335,7.10820168023929e-05,0.0352852568030357
nnconv,IEEE24,300,A,2,128,0.001,pu_zscore,0.0004974316689185,0.1364984959363937,0.0773798003792762,0.0002958049590233,0.0004732917586807,0.0011454113991931,0.0015156837180256,0.4296363890171051,0.1071298494935035,1.5934391583982688e-08,0.0092278067022562,0.1042951941490173,0.1357185095548629,6.038628634996712e-05,0.0694450885057449
nnconv,IEEE39,0,A,2,128,0.001,pu_zscore,0.0132328672334551,266.3194885253906,1.846503973007202,0.0011920804390683,0.0168707892298698,0.0411846563220024,0.0373981520533561,12.100146293640137,1037.674560546875,0.000108650936454,15.503265380859377,0.4534113109111786,5.730853080749512,0.0026326100341975,1.199118971824646
nnconv,IEEE39,100,A,2,128,0.001,pu_zscore,0.0135018052533268,277.2545471191406,1.93315064907074,0.0020141173154115,0.0170451998710632,0.0401761978864669,0.0370741635560989,34.5421257019043,1059.240478515625,0.0001033951557474,15.23581314086914,0.9296720027923584,5.670287609100342,0.002484556287527,1.1301592588424685
nnconv,IEEE39,300,A,2,128,0.001,pu_zscore,0.0133293904364109,270.2187805175781,1.7378782033920288,0.0007958127534948,0.017049640417099,0.041189569979906,0.0376226529479026,5.392638683319092,1059.7923583984375,0.0001086768388631,15.68995761871338,0.3509792685508728,5.222562313079834,0.0027790034655481,1.3751922845840454
nnconv,IEEE118,0,A,2,128,0.001,pu_zscore,0.0015719680814072,13.921032905578612,0.5968510508537292,0.0006828958867117,0.0016141181113198,0.0028014443814754,0.0195301994681358,17.763946533203125,25.74235343933105,3.449204086791724e-07,12.177824020385742,0.3521039485931396,0.9459788799285888,0.0001635372609598,1.0891577005386353
nnconv,IEEE118,100,A,2,128,0.001,pu_zscore,0.0014434466138482,11.73776626586914,0.5779445767402649,0.0003686220443341,0.0017984309233725,0.0024425238370895,0.0175362396985292,5.175985813140869,31.95693588256836,2.621999328766833e-07,9.818140029907228,0.146803468465805,1.141509771347046,0.0001606828009244,1.0233043432235718
nnconv,IEEE118,300,A,2,128,0.001,pu_zscore,0.0017373948357999,17.005172729492188,0.6126989722251892,0.0009401072748005,0.0016259702388197,0.0020084511488676,0.0160587336868047,33.6655158996582,26.12178039550781,1.772872337824083e-07,8.233393669128418,0.5103858709335327,0.9461823105812072,0.0001525210391264,0.9940752387046814
nnconv,UK,0,A,2,128,0.001,pu_zscore,0.0004002027853857,37.92474365234375,1.489290475845337,0.0001390333927702,0.0007648519240319,0.0007384412456303,0.0011556635145097,44.227420806884766,107.4342269897461,4.626496408199897e-10,0.0373517610132694,0.9424395561218262,4.889582633972168,5.527714165509678e-06,0.1251340508460998
nnconv,UK,100,A,2,128,0.001,pu_zscore,0.0005093353101983,61.428524017333984,1.995611310005188,0.0002664821222424,0.0006730749737471,0.0005982924485579,0.0011900354875251,162.47610473632812,83.19837188720703,3.0370175818639206e-10,0.0396066457033157,2.224134683609009,5.615326881408691,5.328613951860461e-06,0.1429789513349533
nnconv,UK,300,A,2,128,0.001,pu_zscore,0.000504235853441,60.20463943481445,2.055261373519897,0.0002102190919686,0.0008720186306163,0.0006093192496336,0.0014421434607356,101.11083221435548,139.64952087402344,3.1499960972958263e-10,0.0581654608249664,1.7196521759033203,6.3276238441467285,5.362054253055248e-06,0.1737648844718933
transformer,IEEE24,0,A,2,128,0.001,pu_zscore,0.0002053213247563,0.0232556834816932,0.0408132225275039,9.124725329456852e-05,0.0003284451086074,0.0004126070998609,0.000369849789422,0.0408817753195762,0.051591508090496,2.067692239648977e-09,0.0005494548822753,0.0357978120446205,0.1108818724751472,2.297828541486524e-05,0.0165502298623323
transformer,IEEE24,100,A,2,128,0.001,pu_zscore,0.0002289397089043,0.0289136692881584,0.0371351018548011,0.0001233024668181,0.0002892162010539,0.0004483445372898,0.0004990866873413,0.0746506676077842,0.0400034859776496,2.4413850940874227e-09,0.001000537420623,0.0392857789993286,0.085962951183319,2.195383058278821e-05,0.0232697408646345
transformer,IEEE24,300,A,2,128,0.001,pu_zscore,0.0009289772133342,0.4760703146457672,0.1129046157002449,0.0005939557449892,0.0005977024557068,0.0005667136865667,0.0005527794128283,1.7322009801864624,0.1708530485630035,3.900676226464839e-09,0.0012273967731744,0.263784795999527,0.1614881604909896,3.39418402290903e-05,0.0263114608824253
transformer,IEEE24,700,A,2,128,0.001,pu_zscore,0.0002222519105998,0.0272490885108709,0.0368502177298069,0.0001315723202424,0.0002179568546125,0.0003933244443032,0.000563855166547,0.0850000530481338,0.0227192305028438,1.8789461098123184e-09,0.0012770752655342,0.0523335076868534,0.0682586356997489,2.202736868639477e-05,0.0267867147922515
transformer,IEEE24,1000,A,2,128,0.001,pu_zscore,0.000178320260602,0.0175413247197866,0.0352813899517059,9.619930642656982e-05,0.0002243639028165,0.000545454910025,0.0004026351089123,0.0454395450651645,0.0240745712071657,3.6135179293239612e-09,0.0006511853425763,0.0367028377950191,0.0860848724842071,3.428940908634104e-05,0.0183035656809806
transformer,IEEE39,0,A,2,128,0.001,pu_zscore,0.0136169418692588,282.0032958984375,1.7530310153961182,0.0003336051886435,0.0174612738192081,0.0410290583968162,0.0373722948133945,0.9476437568664552,1111.5838623046875,0.0001078314890037,15.481836318969728,0.1190605014562606,5.725401878356934,0.0023121784906834,1.1653496026992798
transformer,IEEE39,100,A,2,128,0.001,pu_zscore,0.013319032266736,269.79901123046875,1.7305645942687988,0.0007812863914296,0.0170395784080028,0.041024349629879,0.0373419225215911,5.19756555557251,1058.541748046875,0.0001078067361959,15.45668125152588,0.3166206479072571,5.427197456359863,0.0024739005602896,1.1759662628173828
transformer,IEEE39,300,A,2,128,0.001,pu_zscore,0.0134363397955894,274.5724792480469,1.805395007133484,0.0014823201345279,0.0170816536992788,0.0406212992966175,0.0377594344317913,18.70956039428711,1063.77587890625,0.0001056988330674,15.804248809814451,0.4095371067523956,5.570610523223877,0.0025425548665225,1.2388898134231567
transformer,IEEE39,700,A,2,128,0.001,pu_zscore,0.0136142615228891,281.89227294921875,1.877551794052124,0.0017895406344905,0.0172484777867794,0.0408086851239204,0.0375683195888996,27.26858711242676,1084.65576171875,0.0001066762488335,15.64466953277588,0.5168657302856445,5.755280494689941,0.0024668292608112,1.2355934381484983
transformer,IEEE39,1000,A,2,128,0.001,pu_zscore,0.0132734486833214,267.9554748535156,1.709086298942566,0.0009393783984705,0.0169630795717239,0.0401455387473106,0.037090741097927,7.513818264007568,1049.05859375,0.0001032374057103,15.249439239501951,0.3668695390224457,5.21027421951294,0.0025048651732504,1.256696105003357
transformer,IEEE118,0,A,2,128,0.001,pu_zscore,0.0021681571379303,26.48290061950684,0.7370325922966003,0.0010367311770096,0.0023951483890414,0.001924080774188,0.0161318518221378,40.94141387939453,56.68164825439453,1.6270523417460939e-07,8.308540344238281,0.5708751678466797,1.5309901237487793,0.000141937052831,0.8461229801177979
transformer,IEEE118,100,A,2,128,0.001,pu_zscore,0.001222770079039,8.423130989074707,0.5318860411643982,0.0002308291732333,0.0015135415596887,0.0026645429898053,0.0168164148926734,2.029606342315674,22.634260177612305,3.120328813110973e-07,9.028656959533691,0.0825351849198341,1.0450068712234497,0.000202896335395,0.9997992515563964
transformer,IEEE118,300,A,2,128,0.001,pu_zscore,0.0016801564488559,15.90316104888916,0.5595431923866272,0.00059329677606,0.0020148751791566,0.0028403750620782,0.0177794508635997,13.408321380615234,40.11195755004883,3.545735296484054e-07,10.092366218566896,0.2441238313913345,1.0109249353408811,0.0001910053542815,0.9829331040382384
transformer,IEEE118,700,A,2,128,0.001,pu_zscore,0.0014219776494428,11.39120101928711,0.5897534489631653,0.0003685150004457,0.0017750981496647,0.0025067457463592,0.0170293264091014,5.172979831695557,31.133100509643555,2.761693451702741e-07,9.2587251663208,0.1657177954912185,1.264079213142395,0.0001494329771958,0.9290673732757568
transformer,IEEE118,1000,A,2,128,0.001,pu_zscore,0.0012486074119806,8.782855987548828,0.4839438199996948,0.0004701331781689,0.0013952821027487,0.0014814009191468,0.0153030874207615,8.419227600097656,19.23542213439941,9.644953280485424e-08,7.476777076721191,0.2329031974077224,0.94279807806015,0.0001148789597209,0.7599590420722961
transformer,UK,0,A,2,128,0.001,pu_zscore,0.0002633832627907,16.4262638092041,1.0522042512893677,0.0001308520586462,0.0003798438119702,0.0004428930405993,0.0010776371927931,39.17549896240234,26.497079849243164,1.664247906152383e-10,0.0324783064424991,0.9267990589141846,3.155309200286865,2.484444848960265e-06,0.1267063468694687
transformer,UK,100,A,2,128,0.001,pu_zscore,0.0004846343945246,55.614871978759766,1.6254997253417969,0.0002741274947766,0.0005243837949819,0.0002637853322084,0.0009884354658424,171.9327392578125,50.49942779541016,5.903662281259159e-11,0.0273240376263856,2.2833175659179688,4.102570533752441,1.926154936882085e-06,0.1161084920167923
transformer,UK,300,A,2,128,0.001,pu_zscore,0.000307362730382,22.369945526123047,1.04875648021698,0.000160727664479,0.0004066030378453,0.000365077285096,0.0006395612144842,59.106422424316406,30.36191749572754,1.1308107228380492e-10,0.011439642868936,1.1747931241989136,2.953110456466675,3.0930700631870423e-06,0.0671194568276405
transformer,UK,700,A,2,128,0.001,pu_zscore,0.0002268941025249,12.190145492553713,0.8121925592422485,0.0001250472123501,0.0002656845608726,0.0003054196713492,0.0008527224417775,35.776798248291016,12.963449478149414,7.914333077785328e-11,0.0203359108418226,0.8499932885169983,2.3081183433532715,2.216881739514065e-06,0.0906567722558975
transformer,UK,1000,A,2,128,0.001,pu_zscore,0.0002551603247411,15.416605949401855,0.9930097460746764,0.0001318355061812,0.0003452141536399,0.0002669256646186,0.000705164799001,39.766578674316406,21.885934829711918,6.045063755122371e-11,0.0139068746939301,0.9772765040397644,2.920405864715576,2.128111873389571e-06,0.0743547156453132
