model,held_out_grid,seed,regime,num_layers,hidden,learning_rate,nrmse,mse,mae,nrmse_P,nrmse_Q,nrmse_V,nrmse_theta,mse_P,mse_Q,mse_V,mse_theta,mae_P,mae_Q,mae_V,mae_theta
gcn,IEEE24,0,B,2,128,0.001,0.3239971697330475,61607.875,45.43736267089844,0.213030532002449,0.2206820547580719,2.418529987335205,0.3565489947795868,214386.34375,30925.9765625,0.1285416334867477,1119.0628662109375,86.77410125732422,71.2293701171875,0.1868603527545929,23.55913543701172
gcn,IEEE24,100,B,2,128,0.001,0.4981276094913482,145624.6875,66.78880310058594,0.3343056738376617,0.285771906375885,5.727604866027832,0.5516327023506165,527959.875,51859.51171875,0.7209197878837585,2678.650390625,145.44508361816406,89.79351043701172,0.358183354139328,31.55845069885254
gcn,IEEE24,300,B,2,128,0.001,0.3817301988601684,85519.8359375,60.5868034362793,0.2215275019407272,0.4151178002357483,2.89166522026062,0.3053364157676697,231829.515625,109428.921875,0.183754026889801,820.6788330078125,96.4945831298828,123.06725311279295,0.2065536826848983,22.57880973815918
gcn,IEEE24,700,B,2,128,0.001,0.6574171781539917,253650.609375,84.343994140625,0.4429649114608764,0.3667678534984588,4.25824785232544,0.5042811632156372,926941.0,85422.4296875,0.3984765410423279,2238.523193359375,193.28512573242188,106.38265228271484,0.2937288582324981,37.41448211669922
gcn,IEEE24,1000,B,2,128,0.001,0.4012243151664734,94477.4765625,58.10417175292969,0.2599050998687744,0.2997122704982757,3.1616220474243164,0.4465494453907013,319111.90625,57042.48828125,0.2196649461984634,1755.3154296875,112.98177337646484,89.24735260009766,0.2934093475341797,29.894153594970703
gcn,IEEE39,0,B,2,128,0.001,0.3193487823009491,165616.703125,72.13762664794922,0.2496944516897201,0.1627430915832519,35.582889556884766,0.9833133816719056,538015.4375,109947.5390625,97.7379150390625,14406.162109375,116.38793182373048,103.96670532226562,3.247929096221924,64.94794464111328
gcn,IEEE39,100,B,2,128,0.001,0.1674101948738098,45513.203125,56.35663986206055,0.0493813566863536,0.1742153167724609,38.00295639038086,1.5305696725845337,21042.7734375,125994.9140625,111.48474884033205,34903.62890625,19.9954833984375,98.71138763427734,4.024487018585205,102.69515991210938
gcn,IEEE39,300,B,2,128,0.001,0.1261750906705856,25853.587890625,46.702335357666016,0.0304741635918617,0.1352728605270385,21.98294258117676,1.1410950422286987,8013.83837890625,75962.9296875,37.30373764038086,19400.28125,11.788780212402344,97.71277618408205,1.809503197669983,75.498291015625
gcn,IEEE39,700,B,2,128,0.001,0.2001943886280059,65084.47265625,56.878604888916016,0.1415008604526519,0.0900552198290824,32.60676956176758,1.900394916534424,172780.65625,33666.5078125,82.07221221923828,53808.6484375,65.47834014892578,62.163124084472656,3.533488273620605,96.3394546508789
gcn,IEEE39,1000,B,2,128,0.001,0.1550847738981247,39058.171875,48.684120178222656,0.1062525883316993,0.0880119651556015,17.189682006835938,1.3369629383087158,97421.765625,32156.130859375,22.80952835083008,26631.96484375,48.53452682495117,64.54753875732422,2.006573438644409,79.64784240722656
gcn,IEEE118,0,B,2,128,0.001,0.1030251607298851,60985.56640625,52.11590194702149,0.0695383921265602,0.0661166086792945,0.6157990097999573,0.6348616480827332,185972.0625,44945.265625,0.0229590311646461,13024.90625,39.27421951293945,60.50395584106445,0.0912119224667549,108.5941925048828
gcn,IEEE118,100,B,2,128,0.001,0.104253776371479,62448.796875,56.64083862304688,0.0695100873708725,0.0674330070614814,0.4662576615810394,0.7300115823745728,185820.6875,46752.82421875,0.0131621723994612,17221.6953125,39.25750350952149,62.58778762817383,0.0680490806698799,124.65003204345705
gcn,IEEE118,300,B,2,128,0.001,0.0998675972223281,57304.62890625,50.79481887817383,0.0662792176008224,0.0697019323706626,0.9598598480224608,0.5650662779808044,168948.03125,49951.953125,0.0557816363871097,10318.4677734375,37.40743637084961,70.7959976196289,0.146339476108551,94.82950592041016
gcn,IEEE118,700,B,2,128,0.001,0.1058144196867942,64332.46484375,59.61723327636719,0.0698389783501625,0.0729012414813041,0.8821355700492859,0.6836509108543396,187583.3125,54642.765625,0.0471136011183261,15103.7626953125,39.4472770690918,81.67337036132812,0.0999054387211799,117.24838256835938
gcn,IEEE118,1000,B,2,128,0.001,0.1240177229046821,88370.6484375,57.603057861328125,0.0887934267520904,0.0589409805834293,1.1760261058807373,0.6708178520202637,303221.5625,35718.8515625,0.0837354734539985,14542.0498046875,50.33642578125,64.24047088623047,0.1856066137552261,115.64973449707033
gcn,UK,0,B,2,128,0.001,0.1443571150302887,5644698.5,469.9478759765625,0.0902505069971084,0.1037737876176834,37.76104736328125,1.5626672506332395,19472732.0,3022332.0,2.254457950592041,83726.6875,758.3473510742188,904.2664794921876,0.4196766018867492,216.758056640625
gcn,UK,100,B,2,128,0.001,0.1605996638536453,6986403.0,726.4630737304688,0.0898791253566742,0.1671511679887771,223.54058837890625,4.804557800292969,19312802.0,7841256.0,79.00723266601562,791476.0625,752.7512817382812,1591.9129638671875,2.315108060836792,558.873046875
gcn,UK,300,B,2,128,0.001,0.1511349529027938,6187199.5,567.1978759765625,0.0900461226701736,0.1373984664678573,52.5223388671875,1.386673092842102,19384634.0,5298227.0,4.361563205718994,65929.3984375,753.7516479492188,1342.5074462890625,0.6566594839096069,171.8756866455078
gcn,UK,700,B,2,128,0.001,0.2149629890918731,12516753.0,1049.69482421875,0.0912966504693031,0.322876513004303,406.2130737304688,5.072714328765869,19926788.0,29257672.0,260.8926696777344,882290.75,782.6272583007812,2948.62890625,4.489670276641846,463.03363037109375
gcn,UK,1000,B,2,128,0.001,0.1769800186157226,8484238.0,879.8128662109375,0.0887179300189018,0.2210825681686401,297.2999267578125,6.395177364349365,18817000.0,13717527.0,139.7473907470703,1402284.375,740.3584594726562,2057.349365234375,3.1713149547576904,718.3724365234375
gat,IEEE24,0,B,2,128,0.001,0.1785073280334472,18701.046875,32.936405181884766,0.1019195467233657,0.1980000436305999,7.548211574554443,0.3081887364387512,49071.3984375,24895.44921875,1.2520709037780762,836.0833129882812,43.25907897949219,66.3373794555664,0.6081903576850891,21.540987014770508
gat,IEEE24,100,B,2,128,0.001,0.1523090451955795,13614.611328125,28.83136749267578,0.0984492674469947,0.1035034209489822,3.624450445175171,0.4607311189174652,45786.6015625,6802.97314453125,0.2886856496334076,1868.5775146484373,41.77690505981445,41.88759231567383,0.2957370281219482,31.365234375
gat,IEEE24,300,B,2,128,0.001,0.1855942159891128,20215.4140625,38.644378662109375,0.1061483696103096,0.2004960477352142,7.638309478759766,0.4890460669994354,53227.9921875,25527.072265625,1.282139778137207,2105.3076171875,45.17742919921875,73.22515106201172,0.6878328919410706,35.48710250854492
gat,IEEE24,700,B,2,128,0.001,0.1894953846931457,21074.201171875,41.7830696105957,0.1018547639250755,0.2298736423254013,4.902444839477539,0.4435015618801117,49009.03125,33555.80859375,0.5281609296798706,1731.435791015625,43.20091247558594,91.02159118652344,0.4312829077243805,32.478492736816406
gat,IEEE24,1000,B,2,128,0.001,0.1629950404167175,15592.025390625,32.891902923583984,0.1004222854971885,0.146512821316719,13.150961875915527,0.3523213565349579,47640.20703125,13631.404296875,3.80063271522522,1092.682373046875,42.53302764892578,59.52260971069336,1.123536229133606,28.388431549072266
gat,IEEE39,0,B,2,128,0.001,0.1380561590194702,30951.748046875,43.03944778442383,0.0894636586308479,0.1105343624949455,9.581380844116213,0.519011378288269,69066.9453125,50719.5,7.086582660675049,4013.453369140625,40.39335632324219,78.4885025024414,1.7507652044296265,51.52516555786133
gat,IEEE39,100,B,2,128,0.001,0.304094523191452,150172.640625,55.37309265136719,0.2586654722690582,0.0635417178273201,10.79758644104004,0.6630926728248596,577369.5625,16760.935546875,8.999824523925781,6551.0791015625,112.54337310791016,48.4504280090332,1.6743552684783936,58.82422256469727
gat,IEEE39,300,B,2,128,0.001,0.1361594796180725,30107.130859375,43.02399063110352,0.0903997495770454,0.1018056273460388,11.949365615844728,0.679157555103302,70519.859375,43025.3046875,11.022253036499023,6872.35302734375,40.84777069091797,65.28050231933594,2.0947484970092773,63.87292098999024
gat,IEEE39,700,B,2,128,0.001,0.1384740024805069,31139.390625,46.87615203857422,0.0900532007217407,0.1074785888195037,33.16023635864258,0.6624577045440674,69980.21875,47953.9375,84.8820571899414,6538.53955078125,40.67194366455078,75.64555358886719,5.700801849365234,65.48633575439453
gat,IEEE39,1000,B,2,128,0.001,0.1365527957677841,30281.318359375,43.165794372558594,0.0908273831009864,0.1035282388329505,8.326425552368164,0.6041206121444702,71188.625,44493.64453125,5.351775169372559,5437.65576171875,41.05472946166992,71.05231475830078,1.3857680559158323,59.17036437988281
gat,IEEE118,0,B,2,128,0.001,0.1036828383803367,61766.67578125,51.05062103271485,0.0701687112450599,0.0667977109551429,1.2492742538452148,0.6050856709480286,189358.78125,45876.05078125,0.0944911614060401,11831.7802734375,39.63706588745117,61.36863327026367,0.1891093254089355,103.0076675415039
gat,IEEE118,100,B,2,128,0.001,0.1036276519298553,61700.94140625,53.22504425048828,0.069885715842247,0.0670778229832649,2.523881435394287,0.6270738840103149,187834.453125,46261.61328125,0.3856679499149322,12707.31640625,39.47506713867188,65.97579193115234,0.3389768004417419,107.11032104492188
gat,IEEE118,300,B,2,128,0.001,0.1039104461669921,62038.16015625,51.27747344970703,0.0703630521893501,0.0667195245623588,1.3126765489578247,0.6087283492088318,190409.140625,45768.71484375,0.1043256446719169,11974.666015625,39.75020599365234,61.18278503417969,0.1844338178634643,103.9924545288086
gat,IEEE118,700,B,2,128,0.001,0.1091341897845268,68432.453125,50.37638854980469,0.077352188527584,0.055647075176239,3.4204752445220947,0.6036760807037354,230114.328125,31838.12890625,0.7083510756492615,11776.71875,43.97993087768555,54.765567779541016,0.3292275965213775,102.43080139160156
gat,IEEE118,1000,B,2,128,0.001,0.1070215106010437,65808.59375,51.325439453125,0.0740210339426994,0.0629527941346168,1.1453042030334473,0.6034045815467834,210721.453125,40746.734375,0.0794177129864692,11766.1279296875,41.89078140258789,60.28091812133789,0.157665804028511,102.97239685058594
gat,UK,0,B,2,128,0.001,0.1551585048437118,6521019.0,679.9568481445312,0.0925386026501655,0.1323135793209076,99.65340423583984,4.512293338775635,20472620.0,4913326.5,15.701397895812988,698112.8125,788.001708984375,1345.4134521484375,1.335681438446045,585.0765991210938
gat,UK,100,B,2,128,0.001,0.1517926752567291,6241168.5,616.171142578125,0.0907523036003112,0.132950097322464,124.89568328857422,3.0265371799468994,19689874.0,4960713.0,24.663169860839844,314067.5,760.1383666992188,1298.3916015625,1.8128306865692136,404.3416442871094
gat,UK,300,B,2,128,0.001,0.1533850878477096,6372804.5,601.9631958007812,0.0904754921793937,0.1397320479154586,113.52297973632812,3.588503360748291,19569942.0,5479726.5,20.376127243041992,441527.40625,751.4208374023438,1151.06640625,1.5287628173828125,503.8365173339844
gat,UK,700,B,2,128,0.001,0.3022979199886322,24753388.0,999.5717163085938,0.1919661909341812,0.1908806562423706,104.37242126464844,4.4783430099487305,88100240.0,10225644.0,17.223665237426758,687647.1875,1737.473388671875,1643.256591796875,1.3486520051956177,616.2088623046875
gat,UK,1000,B,2,128,0.001,0.153237760066986,6360568.0,557.728515625,0.0907616317272186,0.1392706781625747,186.8781890869141,2.9810523986816406,19693918.0,5443599.5,55.21680068969727,304698.40625,761.3472290039062,1105.278564453125,2.2786753177642822,362.0094909667969
gin,IEEE24,0,B,3,128,0.001,0.1569360345602035,14454.3701171875,31.591758728027344,0.1008520945906639,0.1033656299114227,4.3564653396606445,0.5821578502655029,48048.87890625,6784.8720703125,0.4170704483985901,2983.3046875,42.80134582519531,40.158084869384766,0.3743789792060852,43.0332145690918
gin,IEEE24,100,B,3,128,0.001,0.1559288948774337,14269.443359375,27.037755966186523,0.1011560186743736,0.1107958853244781,7.122502326965332,0.3271925449371338,48338.91796875,7795.3681640625,1.114823341369629,942.373046875,42.93108367919922,39.6435432434082,0.5488481521606445,25.027549743652344
gin,IEEE24,300,B,3,128,0.001,0.1568867713212967,14445.2978515625,27.54693603515625,0.1018717139959335,0.1055647283792495,7.637510299682617,0.4365949928760528,49025.34375,7076.64013671875,1.281871318817139,1677.928955078125,43.27337646484375,34.47998809814453,0.671574592590332,31.762819290161133
gin,IEEE24,700,B,3,128,0.001,0.1556700617074966,14222.1083984375,26.89454841613769,0.1012939512729644,0.1045337319374084,5.179240703582764,0.4097481369972229,48470.83203125,6939.08642578125,0.5894854068756104,1477.917236328125,43.000267028808594,35.15586471557617,0.4407219886779785,28.98133850097656
gin,IEEE24,1000,B,3,128,0.001,0.1577948629856109,14613.0048828125,29.90496826171875,0.102116622030735,0.1068062931299209,6.764707088470459,0.4701301455497741,49261.34765625,7244.07666015625,1.0056315660476685,1945.5941162109373,43.339725494384766,42.003150939941406,0.4645291268825531,33.81246566772461
gin,IEEE39,0,B,3,128,0.001,0.1413587033748626,32450.298828125,44.81417083740234,0.0900611504912376,0.1142422407865524,3.69182562828064,0.6146155595779419,69992.578125,54179.34765625,1.052114486694336,5628.2255859375,40.66659164428711,77.7657699584961,0.6748313903808594,60.14947891235352
gin,IEEE39,100,B,3,128,0.001,0.1558925807476043,39466.125,55.79193115234375,0.0891357734799385,0.1424311399459839,6.18410062789917,0.5841883420944214,68561.625,84215.1640625,2.952118158340454,5084.7568359375,40.21202850341797,119.0304718017578,1.0945450067520142,62.830692291259766
gin,IEEE39,300,B,3,128,0.001,0.140010729432106,31834.36328125,48.49833297729492,0.0892569497227668,0.1099449768662452,7.49181318283081,0.7510765790939331,68748.15625,50180.0546875,4.3326592445373535,8404.90625,40.286170959472656,73.98743438720703,1.205790400505066,78.51392364501953
gin,IEEE39,700,B,3,128,0.001,0.1361318826675415,30094.9296875,41.25120162963867,0.0890977308154106,0.1066537797451019,8.383681297302246,0.5586817860603333,68503.1171875,47220.75,5.425630569458008,4650.43310546875,40.21014022827149,67.60311889648438,1.5340933799743652,55.65746307373047
gin,IEEE39,1000,B,3,128,0.001,0.1416302472352981,32575.08984375,48.6056022644043,0.0893674343824386,0.1118369102478027,3.6609742641448975,0.7967814207077026,68918.4609375,51921.91015625,1.034603714942932,9458.947265625,40.33910751342773,78.71841430664062,0.6472161412239075,74.71765899658203
gin,IEEE118,0,B,3,128,0.001,0.1033912524580955,61419.7578125,54.02536010742188,0.0694068223237991,0.0663097202777862,4.276935577392578,0.6858417987823486,185269.0,45208.19921875,1.1074930429458618,15200.7236328125,39.19943618774414,60.544395446777344,0.6834653615951538,115.67415618896484
gin,IEEE118,100,B,3,128,0.001,0.1050376072525978,63391.37109375,59.75203323364258,0.0693419054150581,0.0681431889533996,5.983919143676758,0.8041623830795288,184922.578125,47742.78125,2.167938709259033,20897.958984375,39.16097640991211,64.77674102783203,0.7746930718421936,134.2957305908203
gin,IEEE118,300,B,3,128,0.001,0.1145164966583252,75348.84375,85.48902893066406,0.0699926242232322,0.0699283555150032,9.679911613464355,1.3929524421691897,188409.578125,50277.0078125,5.673072814941406,62703.08984375,39.53651809692383,69.39503479003906,1.3461058139801023,231.6784820556641
gin,IEEE118,700,B,3,128,0.001,0.1040954887866973,62259.30859375,55.351470947265625,0.0696634128689765,0.0669001191854476,1.0371593236923218,0.7119259834289551,186641.375,46016.8203125,0.0651278272271156,16378.94921875,39.34713745117188,61.04381942749024,0.1304508298635482,120.88448333740234
gin,IEEE118,1000,B,3,128,0.001,0.1029877364635467,60941.265625,50.76465225219727,0.0694848746061325,0.0672000795602798,2.290440797805786,0.6003791689872742,185685.9375,46430.39453125,0.3176243603229522,11648.4375,39.24376678466797,61.69161987304688,0.3819698393344879,101.74124145507812
gin,UK,0,B,3,128,0.001,0.1815818101167678,8931184.0,1057.3272705078125,0.0896723717451095,0.1508079916238784,542.228515625,17.177818298339844,19224050.0,6382862.5,464.8563232421875,10117354.0,751.2249755859375,1498.827392578125,7.025753021240234,1972.2308349609373
gin,UK,100,B,3,128,0.001,0.1772103756666183,8506338.0,1098.2886962890625,0.0899948328733444,0.1892592012882232,623.1395874023438,11.594778060913086,19362558.0,10052657.0,613.9382934570312,4609520.5,753.7868041992188,2203.82177734375,8.393486976623535,1427.1527099609375
gin,UK,300,B,3,128,0.001,0.4590658247470855,57083976.0,1832.8587646484373,0.0893844366073608,0.8558154702186584,570.1658935546875,10.360041618347168,19100792.0,205554544.0,513.9921875,3680051.5,741.2556762695312,5365.1748046875,6.946572780609131,1218.0582275390625
gin,UK,700,B,3,128,0.001,0.2818545699119568,21518622.0,1476.951171875,0.0900759100914001,0.4695518612861633,791.6712036132812,11.82990264892578,19397462.0,61877672.0,990.9318237304688,4798365.0,755.8927001953125,3788.82275390625,8.795328140258789,1354.29443359375
gin,UK,1000,B,3,128,0.001,0.193561241030693,10148482.0,1162.3155517578125,0.0888664871454238,0.2523210346698761,425.8220825195313,10.590594291687012,18880070.0,17867908.0,286.6885681152344,3845666.5,744.6058349609375,2577.688232421875,5.435815334320068,1321.5322265625
transformer,IEEE24,0,B,2,128,0.001,0.37747722864151,83624.8359375,53.75310897827149,0.2454887628555297,0.2765568792819977,7.837738513946533,0.3747363686561584,284692.90625,48568.90625,1.3499644994735718,1236.140380859375,107.1974868774414,81.48882293701172,0.5689683556556702,25.757137298583984
transformer,IEEE24,100,B,2,128,0.001,0.1596092283725738,14950.986328125,28.02484130859375,0.0538245812058448,0.2650927007198334,2.7570931911468506,0.4117165505886078,13685.943359375,44625.6875,0.1670489460229873,1492.1507568359375,19.60036849975586,65.60971069335938,0.2664996385574341,26.6227970123291
transformer,IEEE24,300,B,2,128,0.001,0.1532396823167801,13781.4931640625,26.24467086791992,0.1011060699820518,0.0901124104857444,3.907200574874878,0.4365918338298797,48291.19140625,5156.5419921875,0.3354843556880951,1677.90478515625,42.89030075073242,33.73835754394531,0.304434597492218,28.04559326171875
transformer,IEEE24,700,B,2,128,0.001,0.1167476549744606,7999.26513671875,27.076732635498047,0.068587876856327,0.1120692119002342,1.6424719095230105,0.4519644379615783,22223.27734375,7975.57568359375,0.059283897280693,1798.1444091796875,28.826587677001957,45.52054977416992,0.128200963139534,33.83159637451172
transformer,IEEE24,1000,B,2,128,0.001,0.1543508470058441,13982.08203125,26.82914161682129,0.0949109196662902,0.1412538290023803,5.1138105392456055,0.2825671732425689,42554.52734375,12670.3857421875,0.5746853947639465,702.8447875976562,39.21455383300781,47.01304626464844,0.4629997909069061,20.6259765625
transformer,IEEE39,0,B,2,128,0.001,0.1445421427488327,33928.33203125,49.79161071777344,0.0920064821839332,0.1048604696989059,4.941741943359375,1.0686888694763184,73048.921875,45646.12890625,1.8851276636123655,17016.375,41.58111190795898,63.83437728881836,0.7931563854217529,92.95780181884766
transformer,IEEE39,100,B,2,128,0.001,0.1462519317865371,34735.76171875,53.528263092041016,0.0982136279344558,0.092919260263443,4.533110618591309,1.1545857191085815,83237.7734375,35841.96484375,1.5862557888031006,19861.712890625,44.65858840942383,73.36481475830078,0.81081223487854,95.27883911132812
transformer,IEEE39,300,B,2,128,0.001,0.1414096802473068,32473.703125,50.060394287109375,0.0903990417718887,0.1102489307522773,6.315560817718506,0.7735356688499451,70518.7578125,50457.89453125,3.078963279724121,8915.0771484375,40.82309722900391,82.80630493164062,0.791796088218689,75.82037353515625
transformer,IEEE39,700,B,2,128,0.001,0.160703495144844,41939.59765625,54.13370513916016,0.1117152720689773,0.1037343069911003,6.547900199890137,1.0162527561187744,107696.625,44670.9453125,3.3096706867218018,15387.4951171875,50.5438117980957,70.07579803466797,1.1679871082305908,94.74723052978516
transformer,IEEE39,1000,B,2,128,0.001,0.1477905660867691,35470.4765625,50.71026611328125,0.0892894566059112,0.1187293082475662,5.107369422912598,0.988643229007721,68798.2421875,58518.90625,2.0136091709136963,14562.7568359375,40.29238128662109,74.05287170410156,0.7234967350959778,87.77232360839844
transformer,IEEE118,0,B,2,128,0.001,0.1026911810040474,60590.80859375,49.876590728759766,0.0694182962179184,0.0670587792992591,1.8316105604171755,0.5780321359634399,185330.25,46235.34765625,0.2031149417161941,10797.4287109375,39.2058219909668,61.87772750854492,0.2892753183841705,98.13353729248048
transformer,IEEE118,100,B,2,128,0.001,0.1028003469109535,60719.703125,51.0898323059082,0.0692633911967277,0.0672660246491432,0.7914842367172241,0.6056310534477234,184504.0625,46521.5625,0.0379280187189579,11853.1201171875,39.11563491821289,61.9808464050293,0.1339386254549026,103.12889862060548
transformer,IEEE118,300,B,2,128,0.001,0.1027773842215538,60692.578125,50.45919418334961,0.0693466886878013,0.0672244280576706,1.6059294939041138,0.5928476452827454,184948.09375,46464.046875,0.1561451852321624,11358.0185546875,39.16533279418945,61.931640625,0.269446849822998,100.47036743164062
transformer,IEEE118,700,B,2,128,0.001,0.1029677838087081,60917.6640625,50.369930267333984,0.0695860162377357,0.0668752342462539,2.2654426097869877,0.595524251461029,186226.890625,45982.58984375,0.3107289373874664,11460.810546875,39.30195999145508,60.72850799560547,0.3604124188423157,101.08885955810548
transformer,IEEE118,1000,B,2,128,0.001,0.1026149913668632,60500.94140625,48.94190216064453,0.0694547221064567,0.0670531615614891,0.7604990005493164,0.5632256269454956,185524.8125,46227.6015625,0.0350165106356143,10251.353515625,39.22698593139648,61.677207946777344,0.1176321804523468,94.74576568603516
transformer,UK,0,B,2,128,0.001,0.2564833760261535,17818978.0,918.1962890625,0.0843005329370498,0.4355577826499939,55.58498001098633,5.517013549804688,16989796.0,53242496.0,4.885049343109131,1043611.875,715.337158203125,2354.812255859375,0.7701214551925659,601.8655395507812
transformer,UK,100,B,2,128,0.001,0.1513459533452987,6204487.5,609.0100708007812,0.0893972367048263,0.1151174679398536,61.834434509277344,7.623108386993408,19106264.0,3719198.0,6.045258522033691,1992485.25,751.0573120117188,1052.1309814453125,0.8234236836433411,632.0282592773438
transformer,UK,300,B,2,128,0.001,0.1605356186628341,6980830.5,621.9483032226562,0.0916219353675842,0.1618175059556961,86.86746215820312,3.839490413665772,20069036.0,7348824.5,11.930766105651855,505449.9375,770.4418334960938,1244.38330078125,1.190028429031372,471.7784118652344
transformer,UK,700,B,2,128,0.001,0.1375211477279663,5122751.0,570.40234375,0.0424439944326877,0.2365196943283081,148.8128662109375,3.757332801818848,4306853.5,15700065.0,35.013458251953125,484050.0625,331.7938842773437,1432.931640625,1.9899661540985107,514.89404296875
transformer,UK,1000,B,2,128,0.001,0.1601078510284423,6943678.5,633.1004638671875,0.0884239971637725,0.1774484813213348,269.62994384765625,2.672825813293457,18692520.0,8837133.0,114.94505310058594,244947.09375,742.7901611328125,1412.010498046875,2.9450550079345703,374.6560668945313
arma_gnn,IEEE24,0,B,8,128,0.001,0.1565638929605484,14385.8984375,25.68768882751465,0.1011449694633483,0.1176626831293106,4.027470111846924,0.2192901372909546,48328.35546875,8791.5791015625,0.3564557135105133,423.3058166503906,42.95436096191406,42.77633285522461,0.3236691355705261,16.696386337280273
arma_gnn,IEEE39,0,B,8,128,0.001,0.1045397445559501,17747.470703125,33.91464614868164,0.0586453154683113,0.0956148132681846,9.505955696105955,0.4743632972240448,29678.61328125,37951.65234375,6.97545051574707,3352.63720703125,25.62884330749512,65.21887969970703,1.3324469327926636,43.47841644287109
arma_gnn,IEEE118,0,B,8,128,0.001,0.1023842096328735,60229.11328125,48.12854766845703,0.0693768635392189,0.0670695081353187,1.137828350067139,0.5438217520713806,185109.0625,46250.13671875,0.0783843100070953,9557.1767578125,39.1821403503418,61.28747177124024,0.1887666583061218,91.85582733154295
arma_gnn,UK,0,B,8,128,0.001,0.1484158337116241,5966571.0,594.3504028320312,0.0899807810783386,0.1228870525956153,122.36327362060548,2.814371109008789,19356510.0,4238177.0,23.67316055297852,271577.4375,754.1671752929688,1192.0184326171875,1.5138508081436155,429.7025451660156
arma_gnn,IEEE24,100,B,8,128,0.001,0.1518752425909042,13537.16796875,23.92714500427246,0.0982951819896698,0.1136039793491363,2.480473041534424,0.1875455528497696,45643.390625,8195.51953125,0.1352103352546692,309.62042236328125,41.82388305664063,39.58221054077149,0.199435144662857,14.103046417236328
arma_gnn,IEEE39,100,B,8,128,0.001,0.1363310366868972,30183.044921875,41.06103515625,0.092910848557949,0.0974074378609657,8.745162010192871,0.677864134311676,74492.0234375,39388.05859375,5.903591632843018,6846.20263671875,42.3867301940918,66.00699615478516,1.6252527236938477,54.225135803222656
arma_gnn,IEEE118,100,B,8,128,0.001,0.1020781397819519,59869.54296875,47.57977294921875,0.0692832544445991,0.0665814653038978,1.1201512813568115,0.5361288189888,184609.90625,45579.4921875,0.0759677067399025,9288.6953125,39.12919235229492,60.76912689208984,0.1793265789747238,90.241455078125
arma_gnn,UK,100,B,8,128,0.001,0.1494316458702087,6048525.0,627.3965454101562,0.0900483056902885,0.1269079893827438,51.3071403503418,2.9004929065704346,19385576.0,4520065.5,4.162072658538818,288452.625,754.3319091796875,1327.1632080078125,0.4981730580329895,427.5929260253906
arma_gnn,IEEE24,1000,B,8,128,0.001,0.1501585692167282,13232.8701171875,24.765544891357425,0.096218891441822,0.117897056043148,2.7911415100097656,0.2047845721244812,43735.5078125,8826.6376953125,0.1712003350257873,369.156494140625,41.04979705810547,42.55464553833008,0.2550507187843323,15.202685356140137
arma_gnn,IEEE39,1000,B,8,128,0.001,0.1217357069253921,24066.3125,34.740482330322266,0.0819676145911216,0.093801662325859,6.111490249633789,0.3435641527175903,57977.78125,36525.94140625,2.8832011222839355,1758.65283203125,37.02842712402344,64.9544448852539,0.91811341047287,36.06094741821289
arma_gnn,IEEE118,1000,B,8,128,0.001,0.1023373678326606,60174.015625,47.7812614440918,0.0694241449236869,0.0669052302837371,2.219449520111084,0.5367564558982849,185361.484375,46023.85546875,0.2982402145862579,9310.455078125,39.20896530151367,61.03867721557617,0.3818739652633667,90.49552154541016
arma_gnn,UK,1000,B,8,128,0.001,0.1467639207839965,5834491.0,580.4349975585938,0.0900527834892273,0.1130835935473442,84.94808197021484,3.24711275100708,19387502.0,3588938.75,11.409358978271484,361514.5,754.93994140625,1069.6976318359375,1.064272165298462,496.038330078125
arma_gnn,IEEE24,300,B,8,128,0.001,0.1542406976222992,13962.1328125,24.97538375854492,0.0996077358722686,0.116050012409687,2.7011313438415527,0.219893142580986,46870.49609375,8552.2373046875,0.1603364497423172,425.6370544433594,42.33906555175781,40.31632995605469,0.2077354937791824,17.03841209411621
arma_gnn,IEEE39,300,B,8,128,0.001,0.1386836469173431,31233.751953125,38.50310134887695,0.0898573026061058,0.1132157072424888,9.952509880065918,0.3701365292072296,69676.0859375,53210.0546875,7.646204471588135,2041.2127685546875,40.59254455566406,74.94285583496094,1.4182981252670288,37.0587158203125
arma_gnn,IEEE118,300,B,8,128,0.001,0.1023117080330848,60143.84375,47.8759651184082,0.0693861246109008,0.0668864101171493,0.8020609617233276,0.5398724675178528,185158.515625,45997.95703125,0.038948468863964,9418.869140625,39.187744140625,61.11246871948242,0.1292692124843597,91.07437133789062
arma_gnn,UK,300,B,8,128,0.001,0.1470015048980713,5853396.0,587.6124877929688,0.0896647423505783,0.1170452013611793,73.51191711425781,3.185819625854492,19220780.0,3844803.0,8.544163703918457,347995.25,750.7593383789062,1132.260986328125,0.9305098056793212,466.4990234375
arma_gnn,IEEE24,700,B,8,128,0.001,0.1551608741283416,14129.2216796875,23.865249633789062,0.1013527885079383,0.1092179268598556,3.359524726867676,0.2170184403657913,48527.16015625,7574.90576171875,0.2480256110429763,414.58099365234375,43.01604080200195,36.15520477294922,0.2750000953674316,16.014745712280273
arma_gnn,IEEE39,700,B,8,128,0.001,0.1219997182488441,24170.810546875,34.70572280883789,0.0773749873042106,0.1011752262711525,4.50105094909668,0.4116483628749847,51662.828125,42494.109375,1.5638983249664309,2524.7431640625,34.86402130126953,63.66901779174805,0.8023353219032288,39.48750686645508
arma_gnn,IEEE118,700,B,8,128,0.001,0.1023575663566589,60197.76953125,47.89833831787109,0.0693853572010994,0.0670887902379036,1.016732931137085,0.5381779670715332,185154.4375,46276.734375,0.0625877603888511,9359.8359375,39.18680191040039,61.50138092041016,0.1714642494916916,90.73369598388672
arma_gnn,UK,700,B,8,128,0.001,0.1477166563272476,5910487.0,592.9058227539062,0.0898516029119491,0.1192419975996017,122.60879516601562,3.197103500366211,19300978.0,3990481.75,23.76825523376465,350464.71875,752.6448974609375,1134.6392822265625,1.3814126253128052,482.957763671875
nnconv,IEEE24,0,B,2,128,0.001,0.1612475961446762,15259.5,32.832115173339844,0.1045588031411171,0.0914217457175254,26.232675552368164,0.6799381375312805,51645.76171875,5307.47998046875,15.122584342956545,4069.629638671875,44.3021125793457,37.46309280395508,2.019959688186645,47.54328536987305
nnconv,IEEE39,0,B,2,128,0.001,6.599020481109619,70718432.0,785.8530883789062,5.698826313018799,0.778307318687439,42.55387878417969,2.6867918968200684,280251392.0,2514679.25,139.78448486328125,107555.4609375,2642.489990234375,340.0837097167969,6.566423416137695,154.2720489501953
nnconv,IEEE118,0,B,2,128,0.001,0.1024378985166549,60292.296875,47.812294006347656,0.0694696307182312,0.066783607006073,4.604672908782959,0.5480604767799377,185604.46875,45856.671875,1.2837285995483398,9706.740234375,39.23533248901367,60.68378829956055,0.5150133371353149,90.8150405883789
nnconv,UK,0,B,2,128,0.001,0.1500043272972107,6094975.0,570.0639038085938,0.0910301357507705,0.1228359267115593,94.18641662597656,3.124008655548096,19810614.0,4234651.5,14.025896072387695,334622.6875,763.5753173828125,1160.3203125,1.3004920482635498,355.0596618652344
nnconv,IEEE24,100,B,2,128,0.001,0.1883497536182403,20820.154296875,41.37311935424805,0.1105950847268104,0.0784874781966209,36.09634780883789,1.5649728775024414,57781.0078125,3911.921630859375,28.633033752441406,21559.052734375,46.89104080200195,30.615184783935547,2.596542835235596,85.38970947265625
nnconv,IEEE39,100,B,2,128,0.001,5.277587890625,45231868.0,678.8944091796875,4.523483753204346,1.0070289373397827,61.20354843139648,3.118381977081299,176572464.0,4209827.0,289.1571044921875,144884.875,2077.52783203125,427.0079345703125,9.668429374694824,201.3732147216797
nnconv,IEEE118,100,B,2,128,0.001,0.1026284918189048,60516.86328125,48.42293930053711,0.0695311948657035,0.0670451521873474,3.488095760345459,0.5539546608924866,185933.5625,46216.55859375,0.736635148525238,9916.646484375,39.26945495605469,61.13838958740234,0.5788466930389404,92.70506286621094
nnconv,UK,100,B,2,128,0.001,0.1492624431848526,6034834.5,535.55712890625,0.0910049974918365,0.1163830310106277,310.9933776855469,3.961498737335205,19799676.0,3801422.75,152.91720581054688,538083.8125,764.442138671875,1011.166748046875,4.273160457611084,362.3463745117188
nnconv,IEEE24,300,B,2,128,0.001,0.1710422933101654,17169.623046875,38.41350173950195,0.1015657037496566,0.1024072021245956,38.6937255859375,1.2270914316177368,48731.2578125,6659.634765625,32.9019775390625,13254.7001953125,43.15054321289063,35.22315216064453,2.8621532917022705,72.41815185546875
nnconv,IEEE39,300,B,2,128,0.001,6.236917972564697,63170400.0,706.0081176757812,5.408344268798828,0.2342471182346344,46.14676284790039,1.72209370136261,252409456.0,227786.953125,164.38534545898438,44185.3125,2519.52685546875,163.89418029785156,8.118156433105469,132.4933319091797
nnconv,IEEE118,300,B,2,128,0.001,0.102663055062294,60557.625,49.03578567504883,0.0694671720266342,0.0671186670660972,5.300323009490967,0.5650951266288757,185591.328125,46317.9609375,1.7009059190750122,10319.521484375,39.233394622802734,61.53445816040039,0.4985202550888061,94.8767547607422
nnconv,UK,300,B,2,128,0.001,0.1596899628639221,6907478.0,674.8168334960938,0.0886890888214111,0.1730861514806747,242.6102905273437,3.487727165222168,18804766.0,8407976.0,93.06201171875,417076.6875,739.8217163085938,1535.1475830078125,2.81048583984375,421.4878540039063
