artifact,path,bytes,sha256
data_a,data_a/GENERATION_REPORT.md,3588,e21e0d5b17440f4a19469d9e5ffc0564980de37db8be3c677d5993ee79b77b19
data_a,data_a/IEEE118/val/dataset.pt,2016727,0225301449f2c3c6878a8081d49eace9814ca4b7629cf2b0fa767702b5d98b3c
data_a,data_a/IEEE118/val/dataset_src.csv,2602,459b7962d74ce2f6fc1b23af62379f4b6f27b2ec6c1edc50ebbb89eaba7fba7a
data_a,data_a/IEEE118/test/dataset.pt,2016727,e3f8033d248fd6be5e9cb6f6aa643e5e49ee09b344f7ee70e787e76c89938e52
data_a,data_a/IEEE118/test/dataset_src.csv,2592,d85c2f218eb72cf7d81e17c71766fabae14641a604d82af736b63be4868cb7d4
data_a,data_a/IEEE118/train/dataset.pt,16136823,3839c9d9bc81c1cd509773760bbd06aebe2c85060f7f3faeec344a9ed00d13ca
data_a,data_a/IEEE118/train/dataset_src.csv,20542,aa7b5b69f3e6eb51f74062d1f96d8a2432dfc11b075f62686a8653babea2646e
data_a,data_a/UK/val/dataset.pt,883351,a372ee4dede6a385e861b231e2d0d3919583a66c0d1e8d1f92c4823553361d1d
data_a,data_a/UK/val/dataset_src.csv,2115,11a06be0c98b3f54e645ef8fbe15f710a44b03ba8e20f411e5897e8dc90bc998
data_a,data_a/UK/test/dataset.pt,883351,32f38665de0fa1822f5976ffde665bde2df3de0649cef145172a2da5a99f773b
data_a,data_a/UK/test/dataset_src.csv,2098,d502edb9ceb4edf2fbcc60655dd8075a358bf65a0da9c85b231645cf6cb78e62
data_a,data_a/UK/train/dataset.pt,7069623,70db246980f119deeb3664746b9a2816c0f4cbe748d2777a6e880981c362175d
data_a,data_a/UK/train/dataset_src.csv,16596,7c5cf915b51686f44cd6ce9f78741ab94b8602612ee2512049eb70c6e7543dfd
data_a,data_a/IEEE39/val/dataset.pt,659351,4d233b77d38488320b1f7858cc067333c7cf91a22ab66281a4488140b8408f9c
data_a,data_a/IEEE39/val/dataset_src.csv,2490,8c2ab759012925cbe3cf1be78ea84371db5152e32034fc3cb14f0c8bceb2cbf2
data_a,data_a/IEEE39/test/dataset.pt,659351,3cbf30e52502b31d26f7dee5e3cb90b4b84b53b458cad8057fd0b66fbabbc8cc
data_a,data_a/IEEE39/test/dataset_src.csv,2486,e1ebeea0f5cd1bbad879377dbf698905bb8cf451be6f737dc5fd92ed61f08cb5
data_a,data_a/IEEE39/train/dataset.pt,5277623,29f8b8e644eaea065a95440f7f46d23ac46f1f3a66c600bb0341fc4691a2ee0c
data_a,data_a/IEEE39/train/dataset_src.csv,19743,6c108d1db8512af100302b35e405efffdbb656c7d69f80f5eb8014568f3ef66d
data_a,data_a/IEEE24/val/dataset.pt,524631,ed19fa7896d5c5d8a34017302ab528ce699d7298a966533f8fabbc48187e5183
data_a,data_a/IEEE24/val/dataset_src.csv,2499,49c28b4ffdb7fa88b3979ae13df383d8c7e860f28687d2254772c4d878c3f28d
data_a,data_a/IEEE24/test/dataset.pt,524631,f8512248a0b8c6462e2b82910f1492dced9387a647da42ae60f30b3a2432bd47
data_a,data_a/IEEE24/test/dataset_src.csv,2490,27a2dfce3026566aced81e2de64176895f1dcd84c85a0171656a2d8ea8197107
data_a,data_a/IEEE24/train/dataset.pt,4201463,6ccd41b533b17d1f12171254d4ae23e712563b83cccf4f7f37320aa2aadf6d29
data_a,data_a/IEEE24/train/dataset_src.csv,19780,6c6f64115ea4586a9cb16a0ba23ba8689cc3b8c2f4029bc27dfc181d18eb72cc
data_full_v2,data_full_v2/IEEE118/val/dataset.pt,2009303,284c5238c033a816bfd219eff4aca706008bf37480f03d05699b6b008540827e
data_full_v2,data_full_v2/IEEE118/val/dataset_src.csv,2968,ef0fe235f7cdbcdea450eefea3dd4252e88482847034b226eb7ecc6e22add94a
data_full_v2,data_full_v2/IEEE118/test/dataset.pt,2008151,c1d1fbc4ef0ee1a58f34ee427ec1eb1cd371dc365ac6a924ca41fc7eb1fb521b
data_full_v2,data_full_v2/IEEE118/test/dataset_src.csv,2976,d8d37ce24cf0fe18bc2f5813427731803fa9536d33e025894b535e35f5f402f6
data_full_v2,data_full_v2/IEEE118/train/dataset.pt,16070135,11e0140eb3983a0ec1f3cbdaf8988fba4f70a66899c4a8469c8ece1a34886267
data_full_v2,data_full_v2/IEEE118/train/dataset_src.csv,23187,080106aa0f0a749eb4fdff6a2921f463defa1e5887cb66b0efb5d367e9cfddca
data_full_v2,data_full_v2/UK/val/dataset.pt,874263,4f94ced8620ce25ff397344f0c8a1b07b58bed5f402533aec7b0dde6c46abfa6
data_full_v2,data_full_v2/UK/val/dataset_src.csv,2494,202e504e9411cf9a6fed4f15c2ed315a043961bf2922ba9483cbb9ada7d1ffb4
data_full_v2,data_full_v2/UK/test/dataset.pt,874903,297c84e9b93fff63196beef52f1f9d306d70427b6656726494cd1b6861ed213d
data_full_v2,data_full_v2/UK/test/dataset_src.csv,2449,132aaf0d92af1a8a3fd7921edec5efc352757363f95a26998ef2a01cd79410b7
data_full_v2,data_full_v2/UK/train/dataset.pt,6997559,df03e8de0d2d91739e544e0e0a46656f2667f0c279c2e3a9ebbbcd097936b716
data_full_v2,data_full_v2/UK/train/dataset_src.csv,19203,9f67bfe500953f5044a57ddd76dcc727817a3f43df7dd29598b53196b0bc88f3
data_full_v2,data_full_v2/IEEE39/val/dataset.pt,652823,3b179635a722d9ba3a64462c201f7f537b05ddd7cbc213088b203e29b882954e
data_full_v2,data_full_v2/IEEE39/val/dataset_src.csv,2756,20406d17b7b4e839dca02ffd866397f52995b556c850872e277004b982e3834d
data_full_v2,data_full_v2/IEEE39/test/dataset.pt,651799,7b6ffed2c4b5362be53557f7e06eaf7a0a652bbcdfe35f46030333c4a922d274
data_full_v2,data_full_v2/IEEE39/test/dataset_src.csv,2782,ad7ea7e1d44f6bdf56bae716a5de2833ad1c086cc4b035eb50107ad780394a50
data_full_v2,data_full_v2/IEEE39/train/dataset.pt,5216823,05afd4e18a1ccfdf7f7bc900e5ad7e95d6bbb63da4a7d173d2c753f48a6bf364
data_full_v2,data_full_v2/IEEE39/train/dataset_src.csv,21595,580c9431190a0ae9bd8f3f0aa2c86940b8caaebd8e15c7d1bfc18e5a26700a71
data_full_v2,data_full_v2/IEEE24/val/dataset.pt,516055,7df3bedea107d33ed8614bb41cf41d4022adbfb215eadc8e543232c808ab5ca1
data_full_v2,data_full_v2/IEEE24/val/dataset_src.csv,2820,f342d9ceeded1747896998d36374960909b6944d581bc9242fdb34ab346f0160
data_full_v2,data_full_v2/IEEE24/test/dataset.pt,515799,93b3a7fdb3aa7c7a004435f1487d5d368f31426a577fbf45aa40cf446330196f
data_full_v2,data_full_v2/IEEE24/test/dataset_src.csv,2842,c74cfb5745005fe237c7a57c3bde94aa74515edf5f52abbe17bde8fb6213d888
data_full_v2,data_full_v2/IEEE24/train/dataset.pt,4134775,ac7dff46262f9797df752f9fa2f9ffca1b24e0e483cecc9a5b97a61b8f7b31b7
data_full_v2,data_full_v2/IEEE24/train/dataset_src.csv,22044,e89c445e202fbcb103ef8320f42e4942834c8953bd14805fdd0212ced980b2b1
ckpt_norm,ckpt_norm.tar.gz (release asset),593128927,b3e6ee9e3dbdadc1b729abbeb51364a4086b49c91ca8f8beb6fb114331ebfcd7
