arm,model,grid,seed,path,bytes,n_params,sha256
cross,arma_gnn,IEEE118,0,cross_arma_gnn/cc_arma_gnn_IEEE118_s0.pt,5478549,1367909,013e3abcdab98308da149dc1ce4967df670c8e8fa42bdde5e9fdc946e6530050
cross,arma_gnn,IEEE118,100,cross_arma_gnn/cc_arma_gnn_IEEE118_s100.pt,5478597,1367909,24aa8344c29740bc15e940967f87e9a9b0bd390dbb9f4e39cf98cd809f6ca853
cross,arma_gnn,IEEE118,300,cross_arma_gnn/cc_arma_gnn_IEEE118_s300.pt,5478597,1367909,70daba7f10d50fe8949248b4f377daadb12b6e14ff3a98ec8efc1a620dfd012b
cross,arma_gnn,IEEE118,700,cross_arma_gnn/cc_arma_gnn_IEEE118_s700.pt,5478597,1367909,4527e78dcafc0aa679ee643b7ad6b231615a516b0a54e49aa5c76554172f9abd
cross,arma_gnn,IEEE118,1000,cross_arma_gnn/cc_arma_gnn_IEEE118_s1000.pt,5478621,1367909,6c25771728424170e4ef25e5a6351ed2f94410c3b33f81e9ac32fde903350b82
cross,arma_gnn,IEEE24,0,cross_arma_gnn/cc_arma_gnn_IEEE24_s0.pt,5478461,1367909,f0306d9b970d65d3738720f89833158dc5a010891d1c3be8ca85d4ef9e0f6a71
cross,arma_gnn,IEEE24,100,cross_arma_gnn/cc_arma_gnn_IEEE24_s100.pt,5478573,1367909,2d3cd53dd4fad04225c5667a8c722c0d139f0993f571925b6c7caa3f77e3b636
cross,arma_gnn,IEEE24,300,cross_arma_gnn/cc_arma_gnn_IEEE24_s300.pt,5478573,1367909,d19fcc952dbd423ed2a597fa17d225353315ff76efa5bf0989b2ae5996170533
cross,arma_gnn,IEEE24,700,cross_arma_gnn/cc_arma_gnn_IEEE24_s700.pt,5478573,1367909,99b066475612b762ec91a87d16a52723a767f2c2e261230d2f2e0f81ea599404
cross,arma_gnn,IEEE24,1000,cross_arma_gnn/cc_arma_gnn_IEEE24_s1000.pt,5478597,1367909,552ed25cedcb18ae3c10eac46bfb9d79128d661f5db51cf40960941e1b41f757
cross,arma_gnn,IEEE39,0,cross_arma_gnn/cc_arma_gnn_IEEE39_s0.pt,5478461,1367909,ecd5c80d4d024a0c88fa09d16b57e6e4f5578ffa5b35d5063b1975e15bb9829f
cross,arma_gnn,IEEE39,100,cross_arma_gnn/cc_arma_gnn_IEEE39_s100.pt,5478573,1367909,e554cd1b63328e55aeb3a3720597ae281ad505f35c7d967319cc9335257cd6fb
cross,arma_gnn,IEEE39,300,cross_arma_gnn/cc_arma_gnn_IEEE39_s300.pt,5478573,1367909,72d9f2f845b4011e19e90a6e288b35ff570db239ad4e266e1eae1dac9a99f1d1
cross,arma_gnn,IEEE39,700,cross_arma_gnn/cc_arma_gnn_IEEE39_s700.pt,5478573,1367909,bdeb96a1285481958dfd74128db447feb1684ae3f0c524fd83b48dc3d759ecb6
cross,arma_gnn,IEEE39,1000,cross_arma_gnn/cc_arma_gnn_IEEE39_s1000.pt,5478597,1367909,23af1d53e6b0da8deaf87c63246a00b9de2960f857f44fcc7d13a06abd51e043
cross,arma_gnn,UK,0,cross_arma_gnn/cc_arma_gnn_UK_s0.pt,5478365,1367909,f008bf4e784954ab61d37b48294401b73f57d7c332ae81ec553a8b1ffc3b5bf6
cross,arma_gnn,UK,100,cross_arma_gnn/cc_arma_gnn_UK_s100.pt,5478413,1367909,ddd36812411fa5fbdbd4d3e0a6d4889266ee0e7afe057add503e299d2dc22c4e
cross,arma_gnn,UK,300,cross_arma_gnn/cc_arma_gnn_UK_s300.pt,5478413,1367909,374b93b1ad07371d80a8f0c0820232d718ae0cb60553c7a5cb86a73b48acf27b
cross,arma_gnn,UK,700,cross_arma_gnn/cc_arma_gnn_UK_s700.pt,5478413,1367909,98ad23f9a6777871d97bdcc1cf039eb292c5a99317d2e3e32b1a552ae0be0477
cross,arma_gnn,UK,1000,cross_arma_gnn/cc_arma_gnn_UK_s1000.pt,5478437,1367909,287f5fbc2312d88f08a1fe1ce3c6b3747dfb6781124115ffc02a3e8074a53249
cross,gat,IEEE118,0,cross_gat/cc_gat_IEEE118_s0.pt,501731,122980,b65c29e0f770c42bcf330229172870752f4f6c549d6c349a786eed751d36f350
cross,gat,IEEE118,100,cross_gat/cc_gat_IEEE118_s100.pt,501799,122980,24e004c88e4c55625bc7db3cef4a42961494eaaf2ad89322dedfc1f44dcdde68
cross,gat,IEEE118,300,cross_gat/cc_gat_IEEE118_s300.pt,501799,122980,f8be7966aabbc8d83bdcb04e6b6e5274fa8c765f4b73f650b8ded210b07558cc
cross,gat,IEEE118,700,cross_gat/cc_gat_IEEE118_s700.pt,501799,122980,41a2398f0d0f80df20ba69725db6fba425400bbd2bcb3687ee6c2b822ed979b8
cross,gat,IEEE118,1000,cross_gat/cc_gat_IEEE118_s1000.pt,501833,122980,877cfd3da001ef74e980966b7aa3cc7efb0dd13f80961be7d073c26c20a082c0
cross,gat,IEEE24,0,cross_gat/cc_gat_IEEE24_s0.pt,501697,122980,395b4bfc9057edc448fccb319e0207659514783a3a9ef0c4e15d505230aeef60
cross,gat,IEEE24,100,cross_gat/cc_gat_IEEE24_s100.pt,501765,122980,5de2a111c1d4039da2a10d9021c0beb138064e1c1b592842c8e3ffa26d7afe15
cross,gat,IEEE24,300,cross_gat/cc_gat_IEEE24_s300.pt,501765,122980,b3602bb3eee4914d1d66a7fb4e4b4383e2537f265785b5cc70b6073aa4ae4879
cross,gat,IEEE24,700,cross_gat/cc_gat_IEEE24_s700.pt,501765,122980,57f713cb17101d9beec4a4905950580d774313ea88db5e531667d63a412cee9c
cross,gat,IEEE24,1000,cross_gat/cc_gat_IEEE24_s1000.pt,501799,122980,218fbb92551402e8384b9f07a998cc75104bba91089e433e2d2727c7ef94ec12
cross,gat,IEEE39,0,cross_gat/cc_gat_IEEE39_s0.pt,501697,122980,b9dbb3a72be36f6476f2d8b67e7b609214b5019ddefd82a78c8c46bb118b48a0
cross,gat,IEEE39,100,cross_gat/cc_gat_IEEE39_s100.pt,501765,122980,ef805ca6ef6a64d0e49bbc3dd206dd68220d9b92256c43b7587d6e7cc8089ba4
cross,gat,IEEE39,300,cross_gat/cc_gat_IEEE39_s300.pt,501765,122980,63723414f23490f441e1c2438e46d40b1284a6f684dc7374a7ee764f3f74fc09
cross,gat,IEEE39,700,cross_gat/cc_gat_IEEE39_s700.pt,501765,122980,c29644c4a8cd92b847270760125a3a8bc29cafc8712798a39fe98218f968a610
cross,gat,IEEE39,1000,cross_gat/cc_gat_IEEE39_s1000.pt,501799,122980,11b4dda6ebe15b9b3fc19ab6238beaadf8f2351562ccadf73f3ea05081438607
cross,gat,UK,0,cross_gat/cc_gat_UK_s0.pt,501561,122980,fcf14609e9a69887a1ddeee58a107c41989e4fbc5b89c5582075ba61d7b3c030
cross,gat,UK,100,cross_gat/cc_gat_UK_s100.pt,501629,122980,951d39f2bed3ef53ac66b6b814855636dcc15c87d9199629436c70fab8ff20d3
cross,gat,UK,300,cross_gat/cc_gat_UK_s300.pt,501629,122980,59462b2c99e27e787f98efc5da7ccca6087a97c7980cdb211d4442b3cd3e1eda
cross,gat,UK,700,cross_gat/cc_gat_UK_s700.pt,501629,122980,ef15ccb4bda92478399610af10ad1e976d3b7b07710680d4237a5a4d66c30fc8
cross,gat,UK,1000,cross_gat/cc_gat_UK_s1000.pt,501663,122980,ad92c525ed86226770b5c3e971afff544b0b2de2e76db01f1a9297ad0fca5307
cross,gcn,IEEE118,0,cross_gcn/cc_gcn_IEEE118_s0.pt,347165,85093,b389351badba7e0f01e87a23e527b10e969a27cad4f7e0b2254aa70ec2fe5e7c
cross,gcn,IEEE118,100,cross_gcn/cc_gcn_IEEE118_s100.pt,347213,85093,318b4a0769d875ae4110f411a8bb4e90898b02662b7872fb239e9d4020a21c70
cross,gcn,IEEE118,300,cross_gcn/cc_gcn_IEEE118_s300.pt,347213,85093,c1f852ae5ddd303c73dc0dd5e5b2a9d0ded8d6840ca96c6146895d21baee3b8d
cross,gcn,IEEE118,700,cross_gcn/cc_gcn_IEEE118_s700.pt,347213,85093,89b23b69d77a3141edab65e173882579d02aeaa345a1e5a051eea8461d2f570f
cross,gcn,IEEE118,1000,cross_gcn/cc_gcn_IEEE118_s1000.pt,347237,85093,14ff99084e0d53fcb1655e833924c1abc311417728aa96013d68d216465cd555
cross,gcn,IEEE24,0,cross_gcn/cc_gcn_IEEE24_s0.pt,347141,85093,de47e84d1e24ce29b523a02c516549091b6f54558ea98932df0d91313947c30f
cross,gcn,IEEE24,100,cross_gcn/cc_gcn_IEEE24_s100.pt,347189,85093,4d230252558f11cee045e2a9fb6780531f454bb26b2613a87e96dcc9e81cca0c
cross,gcn,IEEE24,300,cross_gcn/cc_gcn_IEEE24_s300.pt,347189,85093,87d7b68df97ce3febf11d8f1a06208e2723d422d06989f9597578f56df235a91
cross,gcn,IEEE24,700,cross_gcn/cc_gcn_IEEE24_s700.pt,347189,85093,776d74d659944cefb16f38c141dadf670711d957da46a5557b302c9745f2fab7
cross,gcn,IEEE24,1000,cross_gcn/cc_gcn_IEEE24_s1000.pt,347213,85093,7c20a188b29baecc88117e13619cdb3fa06167564d6efe04823f4bf53f35c545
cross,gcn,IEEE39,0,cross_gcn/cc_gcn_IEEE39_s0.pt,347141,85093,7b4799a56cf30628d0d950289f01bc2b188899c1abee2c23c8518dd3362926ed
cross,gcn,IEEE39,100,cross_gcn/cc_gcn_IEEE39_s100.pt,347189,85093,7ff6eccb0bdeea83dc8980e19a69f4a08c720c50ca2139ae0d4118d3a6679b43
cross,gcn,IEEE39,300,cross_gcn/cc_gcn_IEEE39_s300.pt,347189,85093,ab91b39cc5907008c348da61d1b359836c231f00bb74f9bb2bc3e5eb74126d0e
cross,gcn,IEEE39,700,cross_gcn/cc_gcn_IEEE39_s700.pt,347189,85093,9b05a956be6c0c2e76154900b48a652229c24a14405a4ba1a4d52db69cdc67e9
cross,gcn,IEEE39,1000,cross_gcn/cc_gcn_IEEE39_s1000.pt,347213,85093,026416a31311871196e89c381d6456f2cf846b5749dbb127c766a893e795c3c8
cross,gcn,UK,0,cross_gcn/cc_gcn_UK_s0.pt,347045,85093,f16c0f0f9ebbb0d6166c24372242f22aff7233ac8d7ca374f7ecd9e6b391fc8f
cross,gcn,UK,100,cross_gcn/cc_gcn_UK_s100.pt,347093,85093,909dcccfd941839d94e92b0dd883f44afcb73f700a39953c652d8a1c458bab39
cross,gcn,UK,300,cross_gcn/cc_gcn_UK_s300.pt,347093,85093,4d5848d4ce8e4b31c6863034a3e9d6f77a55e75e8606bf93b96eff529f5cbbde
cross,gcn,UK,700,cross_gcn/cc_gcn_UK_s700.pt,347093,85093,feaa2b51597b2d02f4b9218a4cf7c7799d4443e3a0bc5db30489d424ec143f4d
cross,gcn,UK,1000,cross_gcn/cc_gcn_UK_s1000.pt,347117,85093,89f71dc5c71934badb958ec010cb01d16f05a5bbdf96a49e961efeedefc4f793
cross,gin,IEEE118,0,cross_gin/cc_gin_IEEE118_s0.pt,823636,202839,ae3c5fddccec7ecdbdd99d55923a05c9baf822cd187ac62632ce28586b702e7e
cross,gin,IEEE118,100,cross_gin/cc_gin_IEEE118_s100.pt,823718,202839,86464982d4e1ef755c6d41e41ec08c72ff7f72a4521506c751b377e0e822cf76
cross,gin,IEEE118,300,cross_gin/cc_gin_IEEE118_s300.pt,823718,202839,ab99bdff602a43f3f1092e28d79dd29f5029277a9cf8924911a4ea3952cbe534
cross,gin,IEEE118,700,cross_gin/cc_gin_IEEE118_s700.pt,823718,202839,2fd3fc91babac0bbeb133219b3a701c702dc7f20055208b861d7550eddb22be0
cross,gin,IEEE118,1000,cross_gin/cc_gin_IEEE118_s1000.pt,823759,202839,4e3a53e49ff307600ff86adbd626488f12d70ddd126820c3a826f41e9d6f51e8
cross,gin,IEEE24,0,cross_gin/cc_gin_IEEE24_s0.pt,823595,202839,12cb85503b8d742d6811bad8e94bb5aadeee6edfd2f2bedc971d9dcc81358f80
cross,gin,IEEE24,100,cross_gin/cc_gin_IEEE24_s100.pt,823677,202839,2b23d5d68ac8fb06b3f14d4d4fbe8d98ac9c3468b7fd1238f84baa899b3a2244
cross,gin,IEEE24,300,cross_gin/cc_gin_IEEE24_s300.pt,823677,202839,2cd49d26c6e95beda80f5e538c55f44ad8e0a83c71f758381d4b4edd34c29f9d
cross,gin,IEEE24,700,cross_gin/cc_gin_IEEE24_s700.pt,823677,202839,71753692ba825fb4eb7ca72b08f9ae9de7e9d8112cf37f4d9e7a03cf89b95c34
cross,gin,IEEE24,1000,cross_gin/cc_gin_IEEE24_s1000.pt,823718,202839,8026c06060c0f9bd423f32fd8208d631582a52170bed1e309cb5ffd7bd6e2624
cross,gin,IEEE39,0,cross_gin/cc_gin_IEEE39_s0.pt,823595,202839,79a311ce992fe9e0853619497b94e48d7250b375370f296cf1d09d821c7a4100
cross,gin,IEEE39,100,cross_gin/cc_gin_IEEE39_s100.pt,823677,202839,d783e335dec2d3dfaabb136805c459527549e40dba127a0ca800e8be30be458d
cross,gin,IEEE39,300,cross_gin/cc_gin_IEEE39_s300.pt,823677,202839,98e231829062ca2b69c1a866884efce74bd0b7190fdd5efe43e3f39331f91de3
cross,gin,IEEE39,700,cross_gin/cc_gin_IEEE39_s700.pt,823677,202839,e18f5f26048fc3e8df524ee59c52b80256061a46d41834dbd1d5d26216042c85
cross,gin,IEEE39,1000,cross_gin/cc_gin_IEEE39_s1000.pt,823718,202839,d71e3f8bca444727107eaaa1f93af90fec9fc4c6b2de7e2ff3378a83b2268d33
cross,gin,UK,0,cross_gin/cc_gin_UK_s0.pt,823431,202839,de807b7379fa56386d0664f3606cfeec759d1266aae5a587d070e99d3d9b38e4
cross,gin,UK,100,cross_gin/cc_gin_UK_s100.pt,823513,202839,2e6c92e61dc18c1a787d83695fef3c18e52a5de43c1d4596961850fcb2d8033f
cross,gin,UK,300,cross_gin/cc_gin_UK_s300.pt,823513,202839,f7cfb0cffe7e1f3bbbc781d6a4fbcf737456531d120665b958149ff6a7dc469e
cross,gin,UK,700,cross_gin/cc_gin_UK_s700.pt,823513,202839,fcaf4b74221b8189cee5e840ab81d5afc887346a197a91e48b43c5c24f16bc73
cross,gin,UK,1000,cross_gin/cc_gin_UK_s1000.pt,823554,202839,1d3ed0b6b7c3226f7a3c7760923034a3847e4f96de1864354c32af95bb8c60f8
cross,nnconv,IEEE118,0,cross_nnconv/cc_nnconv_IEEE118_s0.pt,4674829,1166660,48c12c7da5556ece81bfcf790635ef809ac5afbd77a193f679ab9ae9e6b978a6
cross,nnconv,IEEE118,100,cross_nnconv/cc_nnconv_IEEE118_s100.pt,4674949,1166660,05b1388c84c15ff9a69a0a87249e4a5580e062c846c4a5fb6d37f4e7f7653444
cross,nnconv,IEEE118,300,cross_nnconv/cc_nnconv_IEEE118_s300.pt,4674949,1166660,d161c428a88cb76c382d8c7f34b1df800d74d5b6caa98e38c3f427e45620f8b5
cross,nnconv,IEEE24,0,cross_nnconv/cc_nnconv_IEEE24_s0.pt,4674801,1166660,62c18d5fcc5105aac6822ee21a5691c8821f3cf73080ab7a690503f40e3aa960
cross,nnconv,IEEE24,100,cross_nnconv/cc_nnconv_IEEE24_s100.pt,4674857,1166660,44ae4066935f6644614b5359c320e76b9d91058519950b9fe7ef103ecc4c91f8
cross,nnconv,IEEE24,300,cross_nnconv/cc_nnconv_IEEE24_s300.pt,4674857,1166660,9fea0f706bb7d1c6cfaeb27383adb510e57c5916d75dcfdf17751b389350f10e
cross,nnconv,IEEE39,0,cross_nnconv/cc_nnconv_IEEE39_s0.pt,4674801,1166660,388bfa2e7b64a095cfc7f274ee288ef40d360bc17f5bd81145c21a4d856deb8d
cross,nnconv,IEEE39,100,cross_nnconv/cc_nnconv_IEEE39_s100.pt,4674857,1166660,bec120749dc1472b4aea44a9b3c60c0e473db29bf063c5554edec0d46dbdf5c4
cross,nnconv,IEEE39,300,cross_nnconv/cc_nnconv_IEEE39_s300.pt,4674857,1166660,f0ed3ee6930b01944fb8561ce73caec31968866f46808f5c80d395bf656eb1ec
cross,nnconv,UK,0,cross_nnconv/cc_nnconv_UK_s0.pt,4674625,1166660,ac06479bb40ecc97e134c7484c5fd968c293021abe06aef31722d20ced42439f
cross,nnconv,UK,100,cross_nnconv/cc_nnconv_UK_s100.pt,4674745,1166660,caea15d43ef8636c0808c1f7c61a025583ff5c10943f17075b272b11745fdfae
cross,nnconv,UK,300,cross_nnconv/cc_nnconv_UK_s300.pt,4674745,1166660,9c680971969982c7d91df6e16da5dbc1407cdf8965a9bb9bed3974ac3b17a9a7
cross,transformer,IEEE118,0,cross_transformer/cc_transformer_IEEE118_s0.pt,765743,188516,6e7c47b055427c4b66ea5e7c59b88e96b8e12594cdfb76cd3f8a2e899a91802e
cross,transformer,IEEE118,100,cross_transformer/cc_transformer_IEEE118_s100.pt,765819,188516,ee3dcbbc1a49fd697202db7266223bda11f478c1d25b1d6365392f795032f956
cross,transformer,IEEE118,300,cross_transformer/cc_transformer_IEEE118_s300.pt,765819,188516,5bbbc70bfd7f0c8e5c1128890b23186eca0295eed6ca86ccd0583343334f20c9
cross,transformer,IEEE118,700,cross_transformer/cc_transformer_IEEE118_s700.pt,765819,188516,4d12bceee6232522a48e38601e1493f13567ee5465f2f6ab8d159a7d65915263
cross,transformer,IEEE118,1000,cross_transformer/cc_transformer_IEEE118_s1000.pt,765921,188516,5456ecac803429f8c9f3bdc0ad2cbbed7e49b14d1fe10b737035a6cd1a8c568b
cross,transformer,IEEE24,0,cross_transformer/cc_transformer_IEEE24_s0.pt,765705,188516,090de54594d7470a752b87e83cc13dc73931bb4930b6a3f90937634c928404d3
cross,transformer,IEEE24,100,cross_transformer/cc_transformer_IEEE24_s100.pt,765781,188516,283032f2b43862c676faa265522042fdf16259dc0850d9fa90499836c985449c
cross,transformer,IEEE24,300,cross_transformer/cc_transformer_IEEE24_s300.pt,765781,188516,e079c7f73ad6686f82d799cef8d37b5a8442fae6ada4ad045b826cef3b06b8fa
cross,transformer,IEEE24,700,cross_transformer/cc_transformer_IEEE24_s700.pt,765781,188516,8f608f235d74402be81eb5842a54f9ce8012b7cddf9b87d6d3c01b133e244b66
cross,transformer,IEEE24,1000,cross_transformer/cc_transformer_IEEE24_s1000.pt,765819,188516,0e4facf41b028ac5d0506e67c1a1700efe2da1c1d2df68cd977681fc895fa97a
cross,transformer,IEEE39,0,cross_transformer/cc_transformer_IEEE39_s0.pt,765705,188516,44212e68d867437864364c61023e2829ea5b5140482dc6b6d9b075ad1ba42c01
cross,transformer,IEEE39,100,cross_transformer/cc_transformer_IEEE39_s100.pt,765781,188516,cc62b5f823ba4940b9e044610547967fff87d6da85d8461b1daeede6c959b952
cross,transformer,IEEE39,300,cross_transformer/cc_transformer_IEEE39_s300.pt,765781,188516,ba2a5ab8393b27bd306e47d2651ce30466608a15c56ada156854baa44b051e79
cross,transformer,IEEE39,700,cross_transformer/cc_transformer_IEEE39_s700.pt,765781,188516,091e0b582c7dea001c24f55f73ca5694e0b3c787ffd77695cadca711bcf956a1
cross,transformer,IEEE39,1000,cross_transformer/cc_transformer_IEEE39_s1000.pt,765819,188516,bf45fe9e92e92f98b352c59f39f095bd89374bc4e6d101debda002fed19aaf81
cross,transformer,UK,0,cross_transformer/cc_transformer_UK_s0.pt,765489,188516,6baa8f6a054453ce8e8f51cfcdd20c37bd817b5c799d8b56cc915f3c488a3bb6
cross,transformer,UK,100,cross_transformer/cc_transformer_UK_s100.pt,765629,188516,8c62d7d3ea2f576f6cf7189531fa9a4199620c07271528e9b423600ecbad3e1b
cross,transformer,UK,300,cross_transformer/cc_transformer_UK_s300.pt,765629,188516,35ff2ee1c5249ee57708220e0af407bf5c650c8c6a4b778edfbf11159281edc5
cross,transformer,UK,700,cross_transformer/cc_transformer_UK_s700.pt,765629,188516,c943f30642d88be35974f1f9d5fdf0c13ed6e06cefcff4206c08b8f217a41eef
cross,transformer,UK,1000,cross_transformer/cc_transformer_UK_s1000.pt,765667,188516,232d8ea9abb8e2724142bd7768bf2b4853cafa2988bd3858023fa1ba6e6326ed
ood,arma_gnn,IEEE118,0,ood_arma_gnn/ood_arma_gnn_heldout_IEEE118_s0.pt,5478829,1367909,8f3718fe6969cad59f5b20f51678bcd98cf89b40b9743696c7eac5e216102e7f
ood,arma_gnn,IEEE118,100,ood_arma_gnn/ood_arma_gnn_heldout_IEEE118_s100.pt,5478877,1367909,1833fe62b443d7db9df959239714f5cc78c81f98f4d2b77a4d5b7531e5fdce3b
ood,arma_gnn,IEEE118,300,ood_arma_gnn/ood_arma_gnn_heldout_IEEE118_s300.pt,5478877,1367909,15baf599ad07247fc04f123d4f35ba4c8b929acd942f521ee6524cdab34334e4
ood,arma_gnn,IEEE118,700,ood_arma_gnn/ood_arma_gnn_heldout_IEEE118_s700.pt,5478877,1367909,a49b154d7c214bd7d2bc8a45b7afe01e7c5043e979e8ac85e6732fa3210a691e
ood,arma_gnn,IEEE118,1000,ood_arma_gnn/ood_arma_gnn_heldout_IEEE118_s1000.pt,5478901,1367909,375b7a2ddbc9bebd7dfef7a2c8c932edf8ee7c22211e4c0eec08f0822075ff38
ood,arma_gnn,IEEE24,0,ood_arma_gnn/ood_arma_gnn_heldout_IEEE24_s0.pt,5478805,1367909,0a9bacb859a45e3c4c29adfbe8a7892fb647bc27b2daa135787808bc7e9abb70
ood,arma_gnn,IEEE24,100,ood_arma_gnn/ood_arma_gnn_heldout_IEEE24_s100.pt,5478853,1367909,956bc6dd31b5c69d5259c294993a09c853a30ec5341c5a0ae0d7c454aea7b9d3
ood,arma_gnn,IEEE24,300,ood_arma_gnn/ood_arma_gnn_heldout_IEEE24_s300.pt,5478853,1367909,f68aba7292529625ab215201aea4aa2cd728e235fd6e5bc526a901623554ac70
ood,arma_gnn,IEEE24,700,ood_arma_gnn/ood_arma_gnn_heldout_IEEE24_s700.pt,5478853,1367909,a21211856c0fd0349d1d14e3fe066da16029bfdf986e1c7b90ea945e279d2b08
ood,arma_gnn,IEEE24,1000,ood_arma_gnn/ood_arma_gnn_heldout_IEEE24_s1000.pt,5478877,1367909,db924c994d2930fe361c16cd54935ae8824f0de9ce83f16b35ca7f7f4f6cc604
ood,arma_gnn,IEEE39,0,ood_arma_gnn/ood_arma_gnn_heldout_IEEE39_s0.pt,5478805,1367909,9b54af94dc41cfbf7727a4b4cce77f881e4095a8feb9529d973e0b881c713ef9
ood,arma_gnn,IEEE39,100,ood_arma_gnn/ood_arma_gnn_heldout_IEEE39_s100.pt,5478853,1367909,182ce05a5d99fe1d4fea3df01d18c746985e12db14221f3cf840a991a0bf857b
ood,arma_gnn,IEEE39,300,ood_arma_gnn/ood_arma_gnn_heldout_IEEE39_s300.pt,5478853,1367909,893fa815b8f4b3226778b6a26f463cfd18e2354e369a0e9ffcae79cf4dcad533
ood,arma_gnn,IEEE39,700,ood_arma_gnn/ood_arma_gnn_heldout_IEEE39_s700.pt,5478853,1367909,9c3e53512afef46b878687977055ba8990b6bfde8f87016da222666876a6a091
ood,arma_gnn,IEEE39,1000,ood_arma_gnn/ood_arma_gnn_heldout_IEEE39_s1000.pt,5478877,1367909,614ef5a2551c76bd15cdb513d6540a62d73991a742f74b60ec3309a3d63981f3
ood,arma_gnn,UK,0,ood_arma_gnn/ood_arma_gnn_heldout_UK_s0.pt,5478645,1367909,bc6338960657d0715284e4d38568e781a089012defed2b11f4e539a3445f2c3e
ood,arma_gnn,UK,100,ood_arma_gnn/ood_arma_gnn_heldout_UK_s100.pt,5478693,1367909,49b598bf86891a0bea017ee7ad63deeb3ac28fb13401930fb2dc17b2b2ff1c36
ood,arma_gnn,UK,300,ood_arma_gnn/ood_arma_gnn_heldout_UK_s300.pt,5478693,1367909,dbfa9093f29d249200714e5d9d6e10c5004c2cf008f79da52d34117297a46a20
ood,arma_gnn,UK,700,ood_arma_gnn/ood_arma_gnn_heldout_UK_s700.pt,5478693,1367909,cbf1fe408921c0d254571197cf0d14c7143b6175f6ce8e4d299e14c9adb6f141
ood,arma_gnn,UK,1000,ood_arma_gnn/ood_arma_gnn_heldout_UK_s1000.pt,5478717,1367909,f16043a27e2de07f95014d89b2734d49f6768529f4479d04178269641cf5cf70
ood,gat,IEEE118,0,ood_gat/ood_gat_heldout_IEEE118_s0.pt,502101,122980,c86c6bd2594e5305f6c177605cc48c94672df760f56c3ae3a4f4f400f264de28
ood,gat,IEEE118,100,ood_gat/ood_gat_heldout_IEEE118_s100.pt,502169,122980,5cd199423483f3adedbf5dda678c80d8fc8e0e60c5022b89a960bc0e800a0f7d
ood,gat,IEEE118,300,ood_gat/ood_gat_heldout_IEEE118_s300.pt,502169,122980,ec24e86775fa67321a439f2e19750ed3289fbc0ce4d962121e36cab6eb6b733e
ood,gat,IEEE118,700,ood_gat/ood_gat_heldout_IEEE118_s700.pt,502169,122980,b6200d0581701deb9dec10bd7d555b00d19ad25fb016f6a28857e9f0be72ee5b
ood,gat,IEEE118,1000,ood_gat/ood_gat_heldout_IEEE118_s1000.pt,502203,122980,8ad5e9ea16a050aa0de7067c19455fc42567e4e3c2d8fdbb146d862b6a52c9e9
ood,gat,IEEE24,0,ood_gat/ood_gat_heldout_IEEE24_s0.pt,502067,122980,ed7e8b72ba49948acfc5cc4db77513dddc863b627c2c4c6dc1c62da16e788c92
ood,gat,IEEE24,100,ood_gat/ood_gat_heldout_IEEE24_s100.pt,502135,122980,f7e985c47e4118cd2cb682d47bd628d01b444f556c232326f08a0916adae031b
ood,gat,IEEE24,300,ood_gat/ood_gat_heldout_IEEE24_s300.pt,502135,122980,daaa5221c93ef561057cf68605c0679d51407db5672436aceed1c7dd9d735e3d
ood,gat,IEEE24,700,ood_gat/ood_gat_heldout_IEEE24_s700.pt,502135,122980,3d6784cbab451fc212fe7a8f8695a1997bfb75d46649a8043069ec17b3ad4dde
ood,gat,IEEE24,1000,ood_gat/ood_gat_heldout_IEEE24_s1000.pt,502169,122980,da52d3f0201a1918a2d8225e7f8ab91d73d60309e1fd5670f6b0186000d86735
ood,gat,IEEE39,0,ood_gat/ood_gat_heldout_IEEE39_s0.pt,502067,122980,8f358d3fcaff2e952457a2fc8000ca8a20c6c30dbef69864c03bd183c3f1c6d3
ood,gat,IEEE39,100,ood_gat/ood_gat_heldout_IEEE39_s100.pt,502135,122980,81864b443d4a5b21e976c64fd1ec4535ae81478efa9d9b43efe7623d3b5ce95e
ood,gat,IEEE39,300,ood_gat/ood_gat_heldout_IEEE39_s300.pt,502135,122980,de5cfc211f02e3bc7de21c630afd3a06f144ac17c93994a17e26fac3076def87
ood,gat,IEEE39,700,ood_gat/ood_gat_heldout_IEEE39_s700.pt,502135,122980,1e6c125e2d53bde0b5d5c9b425338d5686c956766476ad419775df54fc0e6723
ood,gat,IEEE39,1000,ood_gat/ood_gat_heldout_IEEE39_s1000.pt,502169,122980,80b9b2e97ac67706eb44ed5b30cdfce5d01b03ddbeb995905650f140a04558a5
ood,gat,UK,0,ood_gat/ood_gat_heldout_UK_s0.pt,501867,122980,8bc4fdc31181bd4237dc1763413543d5ca44be19c8dfdaaddad7bae650b3baf2
ood,gat,UK,100,ood_gat/ood_gat_heldout_UK_s100.pt,501999,122980,1125cc1c9b8a65a4620013d28fd308baa8104cc051dc0cff646d752daeeedf13
ood,gat,UK,300,ood_gat/ood_gat_heldout_UK_s300.pt,501999,122980,a7965e601772f5144a4c37fc86af57a43930c74e75c53347429d95ebbee511a8
ood,gat,UK,700,ood_gat/ood_gat_heldout_UK_s700.pt,501999,122980,2a67e4a86d34aec44f8a518a29abd2f6db76426a557440047969ec9b373b62fc
ood,gat,UK,1000,ood_gat/ood_gat_heldout_UK_s1000.pt,502033,122980,c2e8368b8b9421dc00205be0ee4d74dd9294b37210a71d5ede5d2d43303eb6ea
ood,gcn,IEEE118,0,ood_gcn/ood_gcn_heldout_IEEE118_s0.pt,347445,85093,343180a64de89b1eca50194babf61547cc335f8af829174d2f4fee254a582328
ood,gcn,IEEE118,100,ood_gcn/ood_gcn_heldout_IEEE118_s100.pt,347493,85093,c9c2510f75b36ff9b8eb3a386a79b7a63dbbd73b86ca164dd03fc93061ab9173
ood,gcn,IEEE118,300,ood_gcn/ood_gcn_heldout_IEEE118_s300.pt,347493,85093,c00fcb5c28529311dccc3ca6a08e951495ecc153a2f7ff64fd598508afa7e9b1
ood,gcn,IEEE118,700,ood_gcn/ood_gcn_heldout_IEEE118_s700.pt,347493,85093,b69af6337db45654d9e1492040f55095acadb359aaecf01683ee1cfb71ef261e
ood,gcn,IEEE118,1000,ood_gcn/ood_gcn_heldout_IEEE118_s1000.pt,347517,85093,8621acb42d6ead81587a83651b5f0a0f8d7ce55240edcf70d0dc09a188a1fa7d
ood,gcn,IEEE24,0,ood_gcn/ood_gcn_heldout_IEEE24_s0.pt,347421,85093,fee435d691fff88811c168d4ccd175e625bc4c2ec14663fa0bb41dfa4d46e138
ood,gcn,IEEE24,100,ood_gcn/ood_gcn_heldout_IEEE24_s100.pt,347469,85093,c84f3a02359886005a513f8e5e577d9cbcacd98fa733b795838cfd2c0aa35cbb
ood,gcn,IEEE24,300,ood_gcn/ood_gcn_heldout_IEEE24_s300.pt,347469,85093,e3874f9e3c201198b7afe4096dd375784c18ab88516393a64e3f095f4f1fe28c
ood,gcn,IEEE24,700,ood_gcn/ood_gcn_heldout_IEEE24_s700.pt,347469,85093,d2b98561335972582e0904257c8a773d4975ecc9a5c08d57828b233802b7d80d
ood,gcn,IEEE24,1000,ood_gcn/ood_gcn_heldout_IEEE24_s1000.pt,347493,85093,f24329fe01e57450a5e837641640feea9d864023e00d965c6a33f44895c7857f
ood,gcn,IEEE39,0,ood_gcn/ood_gcn_heldout_IEEE39_s0.pt,347421,85093,900fe6a449028437abfd6c1d0664d05963ed14fc3c701575322052d24e98d2f6
ood,gcn,IEEE39,100,ood_gcn/ood_gcn_heldout_IEEE39_s100.pt,347469,85093,5573e01e2a296933ebc3281169cf90fc53969500abb509b63195bff215663638
ood,gcn,IEEE39,300,ood_gcn/ood_gcn_heldout_IEEE39_s300.pt,347469,85093,5a24344c09b3bf4054003442553d9153f486c43a8531fb9fd700bd1c19a11fe6
ood,gcn,IEEE39,700,ood_gcn/ood_gcn_heldout_IEEE39_s700.pt,347469,85093,42a24e64adca858bac7fad3b84f554e7b542bb4ffe4cbaa6e8442e0c465464a9
ood,gcn,IEEE39,1000,ood_gcn/ood_gcn_heldout_IEEE39_s1000.pt,347493,85093,da0e449b2d2d7c6ee38e93c0a2f57382ac6c3ce87474177dd5af3288f958e51d
ood,gcn,UK,0,ood_gcn/ood_gcn_heldout_UK_s0.pt,347261,85093,c8b7dbe9071c13e8aa08460336de62041f4cabc66c3656c7414a1fee674cdfcb
ood,gcn,UK,100,ood_gcn/ood_gcn_heldout_UK_s100.pt,347373,85093,5c209cf2b012a00e78cb89cb34782627c970a212253fb7a35e21d875802246c6
ood,gcn,UK,300,ood_gcn/ood_gcn_heldout_UK_s300.pt,347373,85093,63b7d7fee101190d4ca0959263ac71de21d07c98249215ee6968fedfdbb2a4b8
ood,gcn,UK,700,ood_gcn/ood_gcn_heldout_UK_s700.pt,347373,85093,afe9bf7d6fa3702cefb0737b5f903b46200f2a9fc72f7636ca6e110dec6ff6a3
ood,gcn,UK,1000,ood_gcn/ood_gcn_heldout_UK_s1000.pt,347397,85093,9a735f90af535311e65772340476f45dffe6722232d2d5113b7bfdcec3d477a8
ood,gin,IEEE118,0,ood_gin/ood_gin_heldout_IEEE118_s0.pt,824133,202839,756a2694aa9818dd2e02ce085430edc50a274cd8a7eac1c88381373996b048e7
ood,gin,IEEE118,100,ood_gin/ood_gin_heldout_IEEE118_s100.pt,824215,202839,58cf56799784e1d583a1e14fb1c976554c22c03295e030d229bae51b9949d89a
ood,gin,IEEE118,300,ood_gin/ood_gin_heldout_IEEE118_s300.pt,824215,202839,ec73398826787552f2514704bae96ba0df3629036fdcc82c65af0a417882dfce
ood,gin,IEEE118,700,ood_gin/ood_gin_heldout_IEEE118_s700.pt,824215,202839,7a33916a12c04c22a379bb327b1dd96a830cc9466274ffbf5316df0ffc3317e9
ood,gin,IEEE118,1000,ood_gin/ood_gin_heldout_IEEE118_s1000.pt,824256,202839,bd9701fbd22cac48316f24e96a9674da41871fdcd03b4eefc53159127f553c5e
ood,gin,IEEE24,0,ood_gin/ood_gin_heldout_IEEE24_s0.pt,824092,202839,4ee1dfec2b16a27c2f707862680d0323e8998368896834dca47b5160c8a35de2
ood,gin,IEEE24,100,ood_gin/ood_gin_heldout_IEEE24_s100.pt,824174,202839,2e8fc9338d91b470d39891b142b727ac7816754e237a9a6e6adc2c0e209a48ef
ood,gin,IEEE24,300,ood_gin/ood_gin_heldout_IEEE24_s300.pt,824174,202839,2d7f554324b327987197577631c858cc06d6a1f1ed04496cf40808e808633e74
ood,gin,IEEE24,700,ood_gin/ood_gin_heldout_IEEE24_s700.pt,824174,202839,109313b827620aa707f545fd9e72ef94cafa54abfad31673994d01b36cb8a463
ood,gin,IEEE24,1000,ood_gin/ood_gin_heldout_IEEE24_s1000.pt,824215,202839,3aed48e6b893821577e5df52f92774efe4f0c68d36251a66d8968890f2550306
ood,gin,IEEE39,0,ood_gin/ood_gin_heldout_IEEE39_s0.pt,824092,202839,263ed81d5a3906b221e0baae3b736f4952020f16465fee9ef060abceed59fb70
ood,gin,IEEE39,100,ood_gin/ood_gin_heldout_IEEE39_s100.pt,824174,202839,fd11e881257b8f25012617ffcb7e412e14dfe774ad2b42e30b8c18630cc236f1
ood,gin,IEEE39,300,ood_gin/ood_gin_heldout_IEEE39_s300.pt,824174,202839,60a3b369156cf97a0c837b0bd9d078d791995fe96112fda5302d678259b95c03
ood,gin,IEEE39,700,ood_gin/ood_gin_heldout_IEEE39_s700.pt,824174,202839,1ad8c91c88f4aa4df00d82b0fb692f69ca7d0c10252fbc1831ab0eeb78412e31
ood,gin,IEEE39,1000,ood_gin/ood_gin_heldout_IEEE39_s1000.pt,824215,202839,010173c080b2fc5e377e62b8623531f76ee13e829e7ba24cc212694682aaf203
ood,gin,UK,0,ood_gin/ood_gin_heldout_UK_s0.pt,823800,202839,82a752c2892ca34fbe8a6434cc52261758d9ef015fe0c8dfab0ededf606eb9c5
ood,gin,UK,100,ood_gin/ood_gin_heldout_UK_s100.pt,824010,202839,a617cba4e18696b5372084e17f5653827bd31ce6cff6ba24e87093262f9d4bb3
ood,gin,UK,300,ood_gin/ood_gin_heldout_UK_s300.pt,824010,202839,c86b515b6fc9c7b30865448a50b34eda9383a985707c630198c8f30efb0fbe81
ood,gin,UK,700,ood_gin/ood_gin_heldout_UK_s700.pt,824010,202839,527291ad97069deabbf763484b6fe63f971cd5d9ae3bb1ee99dd93863141c3dd
ood,gin,UK,1000,ood_gin/ood_gin_heldout_UK_s1000.pt,824051,202839,da349a2887de63346059325aa4acd43515b2e52cfaaf5292203282dca9ce758b
ood,nnconv,IEEE118,0,ood_nnconv/ood_nnconv_heldout_IEEE118_s0.pt,4675145,1166660,dd7c53f4344355b8ebe35f03cb8148bcf1b63fe70805cd4a2ac2adff22bf1356
ood,nnconv,IEEE118,100,ood_nnconv/ood_nnconv_heldout_IEEE118_s100.pt,4675201,1166660,5414c63e4fed4d65f4ba0f583397bdb06cba608057bdd09162fdf74df471209e
ood,nnconv,IEEE118,300,ood_nnconv/ood_nnconv_heldout_IEEE118_s300.pt,4675201,1166660,402a104b5029cc2065041c0cbf18ee023517e28fa27a902751dc449cff24eaa6
ood,nnconv,IEEE24,0,ood_nnconv/ood_nnconv_heldout_IEEE24_s0.pt,4675117,1166660,d0a4992264bdb34f2eaad02586a70b4a32324c100e82067328f7bc2628d047b0
ood,nnconv,IEEE24,100,ood_nnconv/ood_nnconv_heldout_IEEE24_s100.pt,4675173,1166660,c197a5b2c7aea71816090c3e950a4899f07b2434fcc6c7e8550051c61a411b82
ood,nnconv,IEEE24,300,ood_nnconv/ood_nnconv_heldout_IEEE24_s300.pt,4675173,1166660,5d5add83bcd3ead41ce2eeffbaed2b62e8e88c0df9459dc399a731ed624cb855
ood,nnconv,IEEE39,0,ood_nnconv/ood_nnconv_heldout_IEEE39_s0.pt,4675117,1166660,4de411f9c574a310f5294ef93caa4d5696645ce85d59d41dd158bcb930223b15
ood,nnconv,IEEE39,100,ood_nnconv/ood_nnconv_heldout_IEEE39_s100.pt,4675173,1166660,00c5f2fd1846e89fdc3b51397ded8dd9d4b035f1214d059d9a284e81e632bf33
ood,nnconv,IEEE39,300,ood_nnconv/ood_nnconv_heldout_IEEE39_s300.pt,4675173,1166660,716fee7c6bda46bc09ad183859ee05a6c69fe2bc3c11475f406a3a0684661d91
ood,nnconv,UK,0,ood_nnconv/ood_nnconv_heldout_UK_s0.pt,4675005,1166660,533841fdfc40a8a85b798f832a6e2bfe5af743b14324993bd2e5ffad43d08552
ood,nnconv,UK,100,ood_nnconv/ood_nnconv_heldout_UK_s100.pt,4675061,1166660,064c768ec4244298b71ba669b3ef0cd498295863d5c365fbc6ec62ca26a64093
ood,nnconv,UK,300,ood_nnconv/ood_nnconv_heldout_UK_s300.pt,4675061,1166660,1ea77767fefa06610a24ab715ba589fe64c31fdad8f4c8239f8abe7fc94bf485
ood,transformer,IEEE118,0,ood_transformer/ood_transformer_heldout_IEEE118_s0.pt,766149,188516,5385c5c9305b3d2af564359f232a208b4c4311d788e8724ac21f7c660202604a
ood,transformer,IEEE118,100,ood_transformer/ood_transformer_heldout_IEEE118_s100.pt,766225,188516,37c41fee16af591ee3611e0f69e186ea67fe6a49fd317cee1576c1954519e56b
ood,transformer,IEEE118,300,ood_transformer/ood_transformer_heldout_IEEE118_s300.pt,766225,188516,ecbc654e5a149f7430c66bacae0538663c9b20ed709b6cce853633a1209abf45
ood,transformer,IEEE118,700,ood_transformer/ood_transformer_heldout_IEEE118_s700.pt,766225,188516,4751dce7a92c144c8998405057c03fc25464af565deb191ee50a644bc08887b3
ood,transformer,IEEE118,1000,ood_transformer/ood_transformer_heldout_IEEE118_s1000.pt,766263,188516,61b5bfa92a4e6934b8f84b0af5d845245c12ccf6ff69837c61f2ed039417c149
ood,transformer,IEEE24,0,ood_transformer/ood_transformer_heldout_IEEE24_s0.pt,766111,188516,5beabf4b81dacef4c79ddcbd17fcdc6ea64b7a105c051a611837c8384124ec79
ood,transformer,IEEE24,100,ood_transformer/ood_transformer_heldout_IEEE24_s100.pt,766187,188516,326eb7940e830d51c007dee9be21f460745a5dd380368523301b1ef83942833a
ood,transformer,IEEE24,300,ood_transformer/ood_transformer_heldout_IEEE24_s300.pt,766187,188516,6c4ff52cb045fe684de4f1df7d8e6050a5bf31db7675ead64fdbec897c95303f
ood,transformer,IEEE24,700,ood_transformer/ood_transformer_heldout_IEEE24_s700.pt,766187,188516,9ba5b9dcd49c0dede2313a93986a5363f9f13477bce534b2f1619391552aefe4
ood,transformer,IEEE24,1000,ood_transformer/ood_transformer_heldout_IEEE24_s1000.pt,766225,188516,6e158c7efc35c9507fa3733fba566a094d48c49a7dce226cbd8fb36693fdc27f
ood,transformer,IEEE39,0,ood_transformer/ood_transformer_heldout_IEEE39_s0.pt,766111,188516,e136b920dc4cbd28ceb3ab2e9033a2c88521f005d00773315b7060169ed3a920
ood,transformer,IEEE39,100,ood_transformer/ood_transformer_heldout_IEEE39_s100.pt,766187,188516,6705f3644a6647fea9b592a855a4373ee8ebb2c0df474cbc0123df64c893ba87
ood,transformer,IEEE39,300,ood_transformer/ood_transformer_heldout_IEEE39_s300.pt,766187,188516,bd396f3b4e0bd73e6473e5c6205705cbdae7ddd69f0ec4b4e631463111e820ad
ood,transformer,IEEE39,700,ood_transformer/ood_transformer_heldout_IEEE39_s700.pt,766187,188516,1fb67cc4e3ef77d3c1b5c825ac1c8c5479bd7dba2c3555a2847a7dd178e517e3
ood,transformer,IEEE39,1000,ood_transformer/ood_transformer_heldout_IEEE39_s1000.pt,766225,188516,804deed84796c8f99a64fd629c86ca4ff311ac58378e476a64b4fd53a5fcb59e
ood,transformer,UK,0,ood_transformer/ood_transformer_heldout_UK_s0.pt,765959,188516,6a4be08e7167b70f9807366d3ed87538ac08226d12e48557955e8edc67cb09d1
ood,transformer,UK,100,ood_transformer/ood_transformer_heldout_UK_s100.pt,766035,188516,bdcc3eb4db132f2c53f9e4c077a448bf00cd27f53ba61183518e3360a8cfd5c8
ood,transformer,UK,300,ood_transformer/ood_transformer_heldout_UK_s300.pt,766035,188516,02bbe37149a7db5d024a0774cbfbe6649bb7361bb95adf44a5657fe17b3e6cca
ood,transformer,UK,700,ood_transformer/ood_transformer_heldout_UK_s700.pt,766035,188516,6742eeb6026824633aaae6d73b5ac20147c8a96ad208cbde10bc670cce7363ab
ood,transformer,UK,1000,ood_transformer/ood_transformer_heldout_UK_s1000.pt,766073,188516,7aa3d7b9dc905cf78eb923c7c3fa5a9ef5cbe6a9b4a4aa4df86ede00f5786147
within,arma_gnn,IEEE118,0,within_arma_gnn/within_arma_gnn_IEEE118_s0.pt,5478645,1367909,156062fc9d52d1a85c7e9e4ce40f784fe4f84ba75e3d2cea28672e270de24000
within,arma_gnn,IEEE118,100,within_arma_gnn/within_arma_gnn_IEEE118_s100.pt,5478693,1367909,624a50ad849409f61c2ffdcb8b2436a6838e7222ee14e5cc6494229043eea4e8
within,arma_gnn,IEEE118,300,within_arma_gnn/within_arma_gnn_IEEE118_s300.pt,5478693,1367909,636be8f5af5738cdecef05d48a62a9a77bd2af2185b7767fd8d9e81b0a22de5d
within,arma_gnn,IEEE118,700,within_arma_gnn/within_arma_gnn_IEEE118_s700.pt,5478693,1367909,1e75b687083446ae1026008e56a7092ab48e7fa3c7567ccae6970a1c9e1161ca
within,arma_gnn,IEEE118,1000,within_arma_gnn/within_arma_gnn_IEEE118_s1000.pt,5478717,1367909,15e036d5219a9941cfb9edafd5e142d6d01f408e0bf943424829aca99d335228
within,arma_gnn,IEEE24,0,within_arma_gnn/within_arma_gnn_IEEE24_s0.pt,5478621,1367909,433314da89b6a8230f65cb41b22219cf8c177b5aee1b619dc0cb2ef845f27bb5
within,arma_gnn,IEEE24,100,within_arma_gnn/within_arma_gnn_IEEE24_s100.pt,5478669,1367909,4b7e27c0ee352a386211cd2d9221e0a761ee42c6d8564208fa57978efa589e2b
within,arma_gnn,IEEE24,300,within_arma_gnn/within_arma_gnn_IEEE24_s300.pt,5478669,1367909,9e6f0cd4a88f7ce5b92da42fca60c894a81e08ee21f3ec33e3d5cc5756818453
within,arma_gnn,IEEE24,700,within_arma_gnn/within_arma_gnn_IEEE24_s700.pt,5478669,1367909,50eb19a40c03e1522ac6ec9003cde9eba421567e15cfe3e058b8c8ae4de40a5d
within,arma_gnn,IEEE24,1000,within_arma_gnn/within_arma_gnn_IEEE24_s1000.pt,5478693,1367909,33986d03a27508cda420d1e8c19772d72ca06897513cb0e0640ca7d2a0cd027f
within,arma_gnn,IEEE39,0,within_arma_gnn/within_arma_gnn_IEEE39_s0.pt,5478621,1367909,5d5ced741b0c5cb4ae35c2bba8603f946584d0c5be036a5d335b0b23dabc9dd2
within,arma_gnn,IEEE39,100,within_arma_gnn/within_arma_gnn_IEEE39_s100.pt,5478669,1367909,8d1b5f7002106c14ca545d5e19d18a3270f928c8deed5ecbf102d3132417bb12
within,arma_gnn,IEEE39,300,within_arma_gnn/within_arma_gnn_IEEE39_s300.pt,5478669,1367909,bee2959b2570862d80bfc7b58a89e40907048e14ab3641d26219c8f2b82e1453
within,arma_gnn,IEEE39,700,within_arma_gnn/within_arma_gnn_IEEE39_s700.pt,5478669,1367909,fcbc9690f8242c6f627d376abd218f90526ba006ac6b44c0e0010926f9d04bb8
within,arma_gnn,IEEE39,1000,within_arma_gnn/within_arma_gnn_IEEE39_s1000.pt,5478693,1367909,ea4ee657a130abac1c10bea730549cd12727aa958955def946aa5191843756ef
within,arma_gnn,UK,0,within_arma_gnn/within_arma_gnn_UK_s0.pt,5478461,1367909,1858d31e03fc896377a98569d842be381f8d955648da3711ff663e29e7f992dc
within,arma_gnn,UK,100,within_arma_gnn/within_arma_gnn_UK_s100.pt,5478573,1367909,a424cdae18155f0258902f1618770a10c2c384ae6d3c6184d459dca07ad72583
within,arma_gnn,UK,300,within_arma_gnn/within_arma_gnn_UK_s300.pt,5478573,1367909,d5e09d65fa3d08127ad769542e4b4cc7e477e91236e24b16044d2abccd94852c
within,arma_gnn,UK,700,within_arma_gnn/within_arma_gnn_UK_s700.pt,5478573,1367909,07062abf9fb53665558b3276fa3031db883ce53032aec63a81770ff73f4c62a9
within,arma_gnn,UK,1000,within_arma_gnn/within_arma_gnn_UK_s1000.pt,5478597,1367909,f69c09089af5a8dacca00ae58f8f672433cb2873c7ff5e9b86a778992b6ace51
within,gat,IEEE118,0,within_gat/within_gat_IEEE118_s0.pt,501867,122980,93a03cc5d4848c401118e0852f87890a980f06f7ec13e2fb418d367df9354c01
within,gat,IEEE118,100,within_gat/within_gat_IEEE118_s100.pt,501999,122980,5c3b74e813febf19be2a4695542dd84a98f845acd37cd812be93e9f0cb397385
within,gat,IEEE118,300,within_gat/within_gat_IEEE118_s300.pt,501999,122980,b25bf9f8aa29ab51687f8d5828c5ed65e3120ba23575056bb1ed334e9bb6645a
within,gat,IEEE118,700,within_gat/within_gat_IEEE118_s700.pt,501999,122980,31ca89324e403f5e21746d9b49b90b4c9759e9e2f2ed61e6c9d1598afe7131ba
within,gat,IEEE118,1000,within_gat/within_gat_IEEE118_s1000.pt,502033,122980,fc0eae8ebc35dfad74bfef65f8b856189e032a39bf5761abbf902fb51c6eeb4f
within,gat,IEEE24,0,within_gat/within_gat_IEEE24_s0.pt,501833,122980,a7c521efc47bc181945279bddb0bfee7bea80cebe19dc5f165b83cf9328db552
within,gat,IEEE24,100,within_gat/within_gat_IEEE24_s100.pt,501965,122980,2984e3586ea3b5ed1d2ebd6d8224e10eff4e29958bad349799ebd6046625d269
within,gat,IEEE24,300,within_gat/within_gat_IEEE24_s300.pt,501965,122980,e4af8e1b2b0461d7e100866df80f12e1430a8ced4401443c23ba3dd47f309557
within,gat,IEEE24,700,within_gat/within_gat_IEEE24_s700.pt,501965,122980,ad240c8eabcc004bb72ff648f54979a248c89f0a39b3eaec42b13202e74deda8
within,gat,IEEE24,1000,within_gat/within_gat_IEEE24_s1000.pt,501999,122980,899a52d361d9b811b77f22b49ca9f6c75066cd372f73a0d7a666cdac188f42a8
within,gat,IEEE39,0,within_gat/within_gat_IEEE39_s0.pt,501833,122980,637d92894e1a742caf36e88ed0842be7d9e60a3b7d2f3f18519b4b12725af4d7
within,gat,IEEE39,100,within_gat/within_gat_IEEE39_s100.pt,501965,122980,ff5866c37e560b286efa985945f08e9d3a2081b37ee5647d34841d862862f920
within,gat,IEEE39,300,within_gat/within_gat_IEEE39_s300.pt,501965,122980,64bc4867b3fcd9f71ef0cfabafcf5475d28ae4385a4556daec351c54671a9f07
within,gat,IEEE39,700,within_gat/within_gat_IEEE39_s700.pt,501965,122980,a43105ab68ed96a68016e4a0ec04b2b964303d5434bcc132a64640ffa86a5919
within,gat,IEEE39,1000,within_gat/within_gat_IEEE39_s1000.pt,501999,122980,2a0ec23d8c0107a4b1191a51a7c724e288f9c722bc6e4a638ddcb22aad9c969d
within,gat,UK,0,within_gat/within_gat_UK_s0.pt,501697,122980,95c362811677d4791ac2f4ad5a4c0add424cfee38074586eea4e274a229544ee
within,gat,UK,100,within_gat/within_gat_UK_s100.pt,501765,122980,e6737c43c8997b8292d60fd8b1a60bc906283a607fa7bc0bfab0be7f5ed53602
within,gat,UK,300,within_gat/within_gat_UK_s300.pt,501765,122980,814e81cb34b93da1ca313f1f41f27cd9c336133331e89eb84edd48b4f7cbe1ad
within,gat,UK,700,within_gat/within_gat_UK_s700.pt,501765,122980,5f4eb26972dc87671014f53c50a2bf13e33e63411aa7aef301c0e81a9a5abb44
within,gat,UK,1000,within_gat/within_gat_UK_s1000.pt,501799,122980,a473f3e335f10b488bab8a5fc475ab993345ed0116345d280928cb93c5d4f8d5
within,gcn,IEEE118,0,within_gcn/within_gcn_IEEE118_s0.pt,347261,85093,efd25f3c8d0d3124a236ebb59c6cebbd0e33cac14692ccb0cbb751514db7b95a
within,gcn,IEEE118,100,within_gcn/within_gcn_IEEE118_s100.pt,347373,85093,f233a823200786c6a33ae4fa45a76e8a7d07da2b5db27dc3330f80b308c44707
within,gcn,IEEE118,300,within_gcn/within_gcn_IEEE118_s300.pt,347373,85093,d90adf876742a16e4cf0e26f3939c86c72019d937029ca06b8d7c50561cd3a65
within,gcn,IEEE118,700,within_gcn/within_gcn_IEEE118_s700.pt,347373,85093,3990d53bafbe48aa2414a2701e04d9a0f886774bc55efd24e150ac3690ed949a
within,gcn,IEEE118,1000,within_gcn/within_gcn_IEEE118_s1000.pt,347397,85093,87c9b73463de0a3e895d1d3c6cab2668629047641518a5f4bfcb6a2bffb7b864
within,gcn,IEEE24,0,within_gcn/within_gcn_IEEE24_s0.pt,347237,85093,68aeb28b8160036d0fd438dac81512f7ef17a892adc9d8508312526f925d9b15
within,gcn,IEEE24,100,within_gcn/within_gcn_IEEE24_s100.pt,347349,85093,14d57fdd28feb61f468cd3daeca14b7dc8cc138b14385604346d040f9383b85d
within,gcn,IEEE24,300,within_gcn/within_gcn_IEEE24_s300.pt,347349,85093,0b7bca804f0e3f0417b84bc9b41ae9ba6d29d8d32bd8ac18472cbfd28d98fce0
within,gcn,IEEE24,700,within_gcn/within_gcn_IEEE24_s700.pt,347349,85093,56f36ad4b384fbb57528e34ed2e44352fb2fa8857181b1ff9ad3f9901eda89ce
within,gcn,IEEE24,1000,within_gcn/within_gcn_IEEE24_s1000.pt,347373,85093,672156b4562e58d06982b07b5bb430c94ce94db46883846486d7ce222503be25
within,gcn,IEEE39,0,within_gcn/within_gcn_IEEE39_s0.pt,347237,85093,8cc200afd55fa5298bfa2bdb9613d135fdcfaae60fc7caf92dab2ded4bc44b9a
within,gcn,IEEE39,100,within_gcn/within_gcn_IEEE39_s100.pt,347349,85093,078fe73298e1a878d0b480255e352b967aae2128e14692343045217a0ff1beef
within,gcn,IEEE39,300,within_gcn/within_gcn_IEEE39_s300.pt,347349,85093,f0a3bbc2fc49dac275ca5ff1d32e70c5c90b682b354c32fe3b85e97198645546
within,gcn,IEEE39,700,within_gcn/within_gcn_IEEE39_s700.pt,347349,85093,0abc7362e66e392716da3b5967588e5c9ef6e94b797e970c5bd65d05b5a8aceb
within,gcn,IEEE39,1000,within_gcn/within_gcn_IEEE39_s1000.pt,347373,85093,77bf218ddb77e4fa30734f074f6cdbcc4a99dc83ad52cdcef772e76b2555b35e
within,gcn,UK,0,within_gcn/within_gcn_UK_s0.pt,347141,85093,314c88dd796e83a5937bb30a3519b9cd154117d65148a869f3b6dd326e3029e5
within,gcn,UK,100,within_gcn/within_gcn_UK_s100.pt,347189,85093,ade78575fea028dc963c429d493b75da9c8e1fae461873a4d4933b25d5e322bd
within,gcn,UK,300,within_gcn/within_gcn_UK_s300.pt,347189,85093,6776f4d490c8305b61e69aa23db18901bf5cfc3a47429c30cf3f818640efcc19
within,gcn,UK,700,within_gcn/within_gcn_UK_s700.pt,347189,85093,06586a61667fdee381fad60b67ad9d9d335a3e4d266651a67f29dccc1eec6710
within,gcn,UK,1000,within_gcn/within_gcn_UK_s1000.pt,347213,85093,14907e9bd94e950eae243522c864797bd48563baaa29795ebcf9707a0788e6ea
within,gin,IEEE118,0,within_gin/within_gin_IEEE118_s0.pt,823800,202839,aab726057eb0cb80730842d06c21db2ff98564db93382377378bfd18850244d4
within,gin,IEEE118,100,within_gin/within_gin_IEEE118_s100.pt,824010,202839,099782f8ae0fabfb0163fb530c7da1b1e8fa8feb48623d186e2d8faeb01aa1b5
within,gin,IEEE118,300,within_gin/within_gin_IEEE118_s300.pt,824010,202839,d761d450ee2140958a706ae290b037513cb10392c20aeb9b93efdbcb8c35c851
within,gin,IEEE118,700,within_gin/within_gin_IEEE118_s700.pt,824010,202839,6f8bbb8802a3bf346232b423a8f5b275772f32e3158736d6907280f2340a970f
within,gin,IEEE118,1000,within_gin/within_gin_IEEE118_s1000.pt,824051,202839,7dc700ebedcdc89c55c77e3a2c5da4d7545843e70ae58338e5e08ff1ed2613b6
within,gin,IEEE24,0,within_gin/within_gin_IEEE24_s0.pt,823759,202839,36aeb08d7536694fb3a5895b447835feaf55e1e593462e8197da659522a51304
within,gin,IEEE24,100,within_gin/within_gin_IEEE24_s100.pt,823969,202839,09be10ee5b5b537f52bf57a3e8fa0e52e0553bb5983ef616f0f51c5eb13ddc84
within,gin,IEEE24,300,within_gin/within_gin_IEEE24_s300.pt,823969,202839,9e64f98f5e8a30c53b9487ccfdfda14bdaf9784c99e9bec9a0468b57f9948c27
within,gin,IEEE24,700,within_gin/within_gin_IEEE24_s700.pt,823969,202839,1ffc1ada6a5c94bba06614c2831f3c414743e83b5ab0570c8cfbe8b984d6b048
within,gin,IEEE24,1000,within_gin/within_gin_IEEE24_s1000.pt,824010,202839,357ea523126ac6c413dd6b61063f64efb95923d1cce5d125f263556f66db2101
within,gin,IEEE39,0,within_gin/within_gin_IEEE39_s0.pt,823759,202839,d61b1ee6f2d66b6717e8fbdb10a74dc4b2f94023a9a9e41ccaeb2e1dd39de5ea
within,gin,IEEE39,100,within_gin/within_gin_IEEE39_s100.pt,823969,202839,c0d59a00dd0d82c6d221a50676a879f4334cfee20022866b5af3c71b4341aa38
within,gin,IEEE39,300,within_gin/within_gin_IEEE39_s300.pt,823969,202839,98d7d8b38bea139c20ee1cb7f5a95b3b9b5062c1b2981158fb49d9a1d14935c3
within,gin,IEEE39,700,within_gin/within_gin_IEEE39_s700.pt,823969,202839,435d458f93f1f3d97fab0636c9780b38ca88947f2bf302288979c6b0ef9abd65
within,gin,IEEE39,1000,within_gin/within_gin_IEEE39_s1000.pt,824010,202839,e41d497ab311b3738e15854ef79fe2bcbdcbc8a488feab02e06f28db57cefa28
within,gin,UK,0,within_gin/within_gin_UK_s0.pt,823595,202839,d24684fc0b7000b664bdf6072a022128eedcaeecffc35315631977d226b73548
within,gin,UK,100,within_gin/within_gin_UK_s100.pt,823677,202839,d75f9e37ede3606b3d953c9f0e77d4addd68d5f911cf9a2747e45c2f2203668b
within,gin,UK,300,within_gin/within_gin_UK_s300.pt,823677,202839,c1f93eb2892e30a77b9ef463898792cdcbc3a9e6cff5dfe1ca6b1ae9556e6930
within,gin,UK,700,within_gin/within_gin_UK_s700.pt,823677,202839,5e54ac3be448f363721f1d84097aa1922a2677110a7f9de1ce1c489faf4edf82
within,gin,UK,1000,within_gin/within_gin_UK_s1000.pt,823718,202839,06907518d39031ce981bc728ac40093b6446e6fab464f88a13d7ed717799447b
within,nnconv,IEEE118,0,within_nnconv/within_nnconv_IEEE118_s0.pt,4675005,1166660,e49ff5f87f79f274bfb6e435de44adf7f6b18f731d5b5e3499b9c52f4aadb03a
within,nnconv,IEEE118,100,within_nnconv/within_nnconv_IEEE118_s100.pt,4675061,1166660,e8eebb291e5ecc1c312dd8bfba084e313a5ecffa12a54628b8edda10336b20b3
within,nnconv,IEEE118,300,within_nnconv/within_nnconv_IEEE118_s300.pt,4675061,1166660,3fade802f89686175ac2a77350ca1455f16d4225c9f9ce436d5bace219c75b2c
within,nnconv,IEEE24,0,within_nnconv/within_nnconv_IEEE24_s0.pt,4674977,1166660,9f2f12685ba19bee3020ece84a57b8ae2da2ecf560bb5ee25878505cadbbd43c
within,nnconv,IEEE24,100,within_nnconv/within_nnconv_IEEE24_s100.pt,4675033,1166660,bc8c2fc60030ae59186316e23bd2aa587611756caba19f18b876bc6f1932202d
within,nnconv,IEEE24,300,within_nnconv/within_nnconv_IEEE24_s300.pt,4675033,1166660,376579f20d77be3afd8e2012635253b8d489fa178123ac7c7dac620d750a63c2
within,nnconv,IEEE39,0,within_nnconv/within_nnconv_IEEE39_s0.pt,4674977,1166660,30f4c18f42bbe590a1cf2e9938b49684ea5cfabaf60b64004a7cddc15f717ea3
within,nnconv,IEEE39,100,within_nnconv/within_nnconv_IEEE39_s100.pt,4675033,1166660,bb7f26941a54186f929e3f57fbdfb111a6fc45c221ec3ab60c1d9f2bb9cf5df1
within,nnconv,IEEE39,300,within_nnconv/within_nnconv_IEEE39_s300.pt,4675033,1166660,5b6cb2362d479a4adfb9ec870bd47f4465110ba7ee0e2ad0a5de03d91a3a0166
within,nnconv,UK,0,within_nnconv/within_nnconv_UK_s0.pt,4674801,1166660,4d166efa4e66f67ec09ab3f1b5671ef97a95585cc3d4f33964c07c9ab319c15e
within,nnconv,UK,100,within_nnconv/within_nnconv_UK_s100.pt,4674857,1166660,b18b794154162fa0da26d465e4d4631550d9923b943768db3fff7e8738753f50
within,nnconv,UK,300,within_nnconv/within_nnconv_UK_s300.pt,4674857,1166660,14bde03b9015f2b1a8c57752c4999bae88e71a47f4219a51150a09dd6282e1bc
within,transformer,IEEE118,0,within_transformer/within_transformer_IEEE118_s0.pt,765959,188516,9d8aa4bf138cbc2d407e49e9f1034a89271ee1e5f85ef5290fcfbb3c4f3c6730
within,transformer,IEEE118,100,within_transformer/within_transformer_IEEE118_s100.pt,766035,188516,c669989f1927b017ab784f248cd37f25dc32fe0d4c60cae2ea88acf6825bfc94
within,transformer,IEEE118,300,within_transformer/within_transformer_IEEE118_s300.pt,766035,188516,ed12fb16298135c2a4868e301d90fcd2839516da785187bd0ad7318326a3e9ea
within,transformer,IEEE118,700,within_transformer/within_transformer_IEEE118_s700.pt,766035,188516,6f0a7e374ad6d35b9bfac51c0881085b85349c61e9554b6ea5cbba3760bb93a5
within,transformer,IEEE118,1000,within_transformer/within_transformer_IEEE118_s1000.pt,766073,188516,a233d51e88fd1180ce38992a7b6913dd4e3881974ba637f60b0116e1d2752c3f
within,transformer,IEEE24,0,within_transformer/within_transformer_IEEE24_s0.pt,765921,188516,b8a19ecf64db210d6ef2a3c0cb302a68a489eef41f3178222c73f5c6130e763b
within,transformer,IEEE24,100,within_transformer/within_transformer_IEEE24_s100.pt,765997,188516,1e6ab48875c04a5b39ff9f4b2b70652ab24a5c90b916c154a0e1361ce98768b1
within,transformer,IEEE24,300,within_transformer/within_transformer_IEEE24_s300.pt,765997,188516,c12015b45fa6837eaafae9dd5ace3bb0fc66d202b20d970a911c28ea7d20a5e4
within,transformer,IEEE24,700,within_transformer/within_transformer_IEEE24_s700.pt,765997,188516,5bb06f4ff34f7134e1851274ac7a6a14056284d50a99dacdd61aa7d075c2e77d
within,transformer,IEEE24,1000,within_transformer/within_transformer_IEEE24_s1000.pt,766035,188516,46ba8755fc54950ec4df9242c134377dfab0fe26badf309c6fd6ff0623278f0a
within,transformer,IEEE39,0,within_transformer/within_transformer_IEEE39_s0.pt,765921,188516,427688a1cb5a72adf7637c950ae9c1837ab9c62de8ed339df70bb4bf9bd22302
within,transformer,IEEE39,100,within_transformer/within_transformer_IEEE39_s100.pt,765997,188516,7ab7d5e1052f86c9257ef7df9da9cfa957d00c04b03beaef48efa0e44fdce90e
within,transformer,IEEE39,300,within_transformer/within_transformer_IEEE39_s300.pt,765997,188516,0e265f4780c8b8f0fab607b16a87ad488f251ba68c59d5825915bdbd1e502778
within,transformer,IEEE39,700,within_transformer/within_transformer_IEEE39_s700.pt,765997,188516,b4d0ce3e138f206d320251edc186bdaae64dc38913a870f276f7f435dbc83673
within,transformer,IEEE39,1000,within_transformer/within_transformer_IEEE39_s1000.pt,766035,188516,b93883e56f0a39de34c43d780c1b28105ddf253ce28fedd623cd34b2eead06ac
within,transformer,UK,0,within_transformer/within_transformer_UK_s0.pt,765705,188516,87234a1f108169fbe020c27f1a914b2d4cfd53683beaaf10435e1b6078b747a6
within,transformer,UK,100,within_transformer/within_transformer_UK_s100.pt,765781,188516,09eae6a79248bb7797894235b05d781fc6e54ac4f6990283667e2a0db8fed326
within,transformer,UK,300,within_transformer/within_transformer_UK_s300.pt,765781,188516,9cb754bed66ac95f63b437edcdbcc3661e1d16c597b33b7dfee8fe0a61651a40
within,transformer,UK,700,within_transformer/within_transformer_UK_s700.pt,765781,188516,2e841c786801b576c2aef547d9663076f03b22656dcb463776b0fe09a0aceeba
within,transformer,UK,1000,within_transformer/within_transformer_UK_s1000.pt,765819,188516,ebb5161f483df58eb2b53a7b699d14024adaa5f6534f9599ef819ae0a328f276
