model,grid,seed,regime,num_layers,hidden,learning_rate,nrmse,mse,mae,nrmse_P,nrmse_Q,nrmse_V,nrmse_theta,mse_P,mse_Q,mse_V,mse_theta,mae_P,mae_Q,mae_V,mae_theta
gcn,IEEE24,0,A,2,128,0.001,0.0041990466415882,9.726628303527832,0.9510515332221984,0.0001994678168557,0.0084014274179935,0.5634694695472717,0.0351068712770938,0.1953600794076919,33.7566032409668,0.0038561439141631,4.950687885284424,0.0730970352888107,2.3619749546051025,0.0375925935804843,1.331541895866394
gcn,IEEE24,100,A,2,128,0.001,0.0034635784104466,6.617759704589844,0.7026001214981079,0.0005491164629347,0.0066484529525041,0.637823224067688,0.0309435501694679,1.4805364608764648,21.139453887939453,0.004940980579704,3.846108913421631,0.2056885808706283,1.552088499069214,0.037961333990097,1.0146620273590088
gcn,IEEE24,300,A,2,128,0.001,0.0478327274322509,1262.1510009765625,5.365575790405273,0.0296470373868942,0.0387592352926731,1.3431007862091064,0.0598904527723789,4315.71435546875,718.460693359375,0.0219093579798936,14.407763481140137,11.298768043518066,7.5544891357421875,0.0762530043721199,2.5327959060668945
gcn,IEEE24,700,A,2,128,0.001,0.0039648436941206,8.671876907348633,0.9598203301429749,0.0008644037880003,0.0068881013430655,0.9038467407226562,0.0455056950449943,3.668795108795166,22.690898895263672,0.0099220648407936,8.31788444519043,0.3155675232410431,1.8318467140197756,0.0528220608830452,1.639045000076294
gcn,IEEE24,1000,A,2,128,0.001,0.0040176990441977,8.904626846313477,0.7765263915061951,0.0008535957313142,0.007651868276298,0.6579020023345947,0.0316892601549625,3.5776236057281494,28.001903533935547,0.0052569629624485,4.033718109130859,0.3095533847808838,1.7975581884384155,0.040473073720932,0.9585208892822266
gcn,IEEE39,0,A,2,128,0.001,0.0137393996119499,287.0982360839844,2.623561382293701,0.0016974301543086,0.0172764454036951,0.8467757105827332,0.0567011497914791,24.533716201782227,1088.1759033203125,0.045930303633213,35.637454986572266,0.412460058927536,6.658965110778809,0.1246585249900817,3.298161745071411
gcn,IEEE39,100,A,2,128,0.001,0.0582155510783195,5154.34033203125,13.725334167480469,0.0323230363428592,0.0563829205930233,0.875150203704834,0.1087394505739212,8896.1865234375,11590.0556640625,0.0490600205957889,131.06814575195312,13.769730567932127,32.83707427978516,0.1393507868051529,8.155182838439941
gcn,IEEE39,300,A,2,128,0.001,0.0133471172302961,270.93804931640625,2.410905361175537,0.0016566372942179,0.0168562904000282,0.8162603378295898,0.046964518725872,23.36869239807129,1035.8917236328125,0.0426795557141304,24.44908905029297,0.3215008378028869,6.3697686195373535,0.1221335977315902,2.83021879196167
gcn,IEEE39,700,A,2,128,0.001,0.0658476278185844,6594.400390625,15.056640625,0.0401379689574241,0.058425199240446,1.3672778606414795,0.1391455829143524,13717.9853515625,12444.8798828125,0.1197501644492149,214.6158142089844,17.365116119384766,31.725868225097656,0.2324082553386688,10.90317153930664
gcn,IEEE39,1000,A,2,128,0.001,0.0601679943501949,5505.8720703125,12.73232650756836,0.0374659188091754,0.0520817711949348,1.156895637512207,0.128089040517807,11952.322265625,9889.2158203125,0.0857335701584816,181.86404418945312,16.11870002746582,25.876195907592773,0.1966861635446548,8.737725257873535
gcn,IEEE118,0,A,2,128,0.001,0.0061214203014969,211.1000823974609,3.1274242401123047,0.0008608278003521,0.0086036929860711,0.2704403400421142,0.0515318848192691,28.226890563964844,731.3873901367188,0.0032143844291567,84.78291320800781,0.4004291892051697,5.861350059509277,0.0320047624409198,6.215912818908691
gcn,IEEE118,100,A,2,128,0.001,0.0062753385864198,221.8494415283203,3.321287155151367,0.0013165542623028,0.0085767330601811,0.2760628461837768,0.0544217601418495,66.02494049072266,726.810791015625,0.0033494287636131,94.55870056152344,0.6579676866531372,6.026256561279297,0.032527033239603,6.568397998809815
gcn,IEEE118,300,A,2,128,0.001,0.0062746154144406,221.79830932617188,2.951093435287476,0.0006957206642255,0.0089124999940395,0.2346448749303817,0.0512693412601947,18.43742561340332,784.83203125,0.0024197865277528,83.92121124267578,0.2133270502090454,5.504636287689209,0.0271496605128049,6.05925989151001
gcn,IEEE118,700,A,2,128,0.001,0.0071347868070006,286.77813720703125,4.261697769165039,0.0008878951193764,0.0097286216914653,0.3303247690200805,0.0754873007535934,30.02989196777344,935.147705078125,0.0047955359332263,181.929931640625,0.3699233531951904,7.01994514465332,0.039709385484457,9.61721420288086
gcn,IEEE118,1000,A,2,128,0.001,0.0065726828761398,243.37127685546875,4.023326396942139,0.0008227339130826,0.0089278751984238,0.5529258251190186,0.0708238035440445,25.7839412689209,787.5421752929688,0.0134365782141685,160.14552307128906,0.4028507471084595,6.092040538787842,0.0688612461090087,9.52955150604248
gcn,UK,0,A,2,128,0.001,0.0018250512657687,788.7013549804688,8.873488426208496,0.0007824259810149,0.0029093357734382,24.913915634155277,0.0843849778175354,1400.6832275390625,1554.4461669921875,0.5266283750534058,199.1491851806641,5.0473809242248535,20.967437744140625,0.2291895747184753,9.249943733215332
gcn,UK,100,A,2,128,0.001,0.0022246809676289,1171.9200439453125,9.640439987182615,0.0005320772179402,0.0044965716078877,19.545663833618164,0.1080301627516746,647.7430419921875,3713.22216796875,0.3241313993930816,326.39111328125,2.841766119003296,23.62605857849121,0.1805779188871383,11.913354873657228
gcn,UK,300,A,2,128,0.001,0.0020089934114366,955.6954345703124,11.046667098999023,0.0008450203458778,0.0031993715092539,18.049997329711918,0.105099506676197,1633.7579345703125,1879.824462890625,0.2764232456684112,308.9225769042969,5.221436023712158,26.513242721557617,0.156978353857994,12.29501247406006
gcn,UK,700,A,2,128,0.001,0.0020940576214343,1038.3404541015625,11.089686393737791,0.0004373408155515,0.0044279885478317,24.89126205444336,0.0639582648873329,437.6162109375,3600.81591796875,0.5256710648536682,114.40411376953124,3.139821529388428,33.57074737548828,0.2304784804582595,7.417704105377197
gcn,UK,1000,A,2,128,0.001,0.0114757809787988,31183.654296875,53.89435195922852,0.0018701740773394,0.0250572990626096,58.63497161865234,0.2255000919103622,8002.34912109375,115307.21875,2.9169816970825195,1422.1378173828125,13.168975830078123,174.1077117919922,0.5135948657989502,27.7871208190918
gat,IEEE24,0,A,2,128,0.001,0.0013630796456709,1.0249518156051636,0.282170295715332,0.0003535918076522,0.002578999614343,0.9759073257446288,0.0085466261953115,0.6138955950737,3.180937528610229,0.0115672377869486,0.2934071719646454,0.1448484361171722,0.5762760639190674,0.0553468465805053,0.3522099256515503
gat,IEEE24,100,A,2,128,0.001,0.0052480692975223,15.193578720092772,0.9844686985015868,0.0026801484636962,0.0069041815586388,1.0904079675674438,0.0258913356810808,35.27019500732422,22.79696655273437,0.0144407749176025,2.692714214324951,0.948451042175293,1.9393839836120603,0.0598486848175525,0.9901913404464722
gat,IEEE24,300,A,2,128,0.001,0.0025332665536552,3.540158748626709,0.4586444497108459,0.0004572526959236,0.0051599266007542,0.8839085102081299,0.0098696956411004,1.0266033411026,12.733261108398438,0.009489145129919,0.3912810981273651,0.1725505888462066,1.2236601114273071,0.0521498434245586,0.3862171769142151
gat,IEEE24,700,A,2,128,0.001,0.0029803966172039,4.900147438049316,0.6074386835098267,0.0003538491146173,0.0054701487533748,1.2231007814407349,0.0340505801141262,0.6147893071174622,14.31037139892578,0.0181692484766244,4.6572585105896,0.1352254599332809,1.376368284225464,0.0811978504061698,0.8369629979133606
gat,IEEE24,1000,A,2,128,0.001,0.001448870752938,1.158031344413757,0.2966595888137817,0.0003864936297759,0.0027313390746712,0.9593689441680908,0.0089208092540502,0.7334572076797485,3.5678274631500244,0.0111785056069493,0.3196611404418945,0.0935840830206871,0.6464908719062805,0.0601581074297428,0.3864053189754486
gat,IEEE39,0,A,2,128,0.001,0.0133459297940135,270.88983154296875,2.3137896060943604,0.0014833783498033,0.0168071519583463,1.2034146785736084,0.0560867823660373,18.73628044128418,1029.86083984375,0.0927669331431388,34.869361877441406,0.2876765131950378,5.928410530090332,0.1869544386863708,2.852115631103516
gat,IEEE39,100,A,2,128,0.001,0.0136664658784866,284.05828857421875,2.566481590270996,0.0022943601943552,0.0170830618590116,1.6888583898544312,0.0496051348745822,44.823184967041016,1063.951416015625,0.1827044188976287,27.27571678161621,0.7483983039855957,6.361390590667725,0.2707720994949341,2.885365724563598
gat,IEEE39,300,A,2,128,0.001,0.0132102156057953,265.40850830078125,2.182844400405884,0.0013398732990026,0.0167555976659059,1.0875858068466189,0.0452722124755382,15.286462783813477,1023.5527954101562,0.0757686644792556,22.71885108947754,0.4142349362373352,5.607617378234863,0.179319366812706,2.530205011367798
gat,IEEE39,700,A,2,128,0.001,0.0136090787127614,281.6776733398437,2.4671947956085205,0.0022080328781157,0.0169289615005254,0.5748415589332581,0.0603210963308811,41.51361846923828,1044.8427734375,0.0211669765412807,40.33308029174805,0.4123100042343139,5.868403434753418,0.0852705910801887,3.5027952194213867
gat,IEEE39,1000,A,2,128,0.001,0.0137979313731193,289.5495910644531,2.469946384429932,0.0027692087460309,0.0170795191079378,1.3585339784622192,0.0513896532356739,65.29664611816406,1063.5101318359375,0.1182234361767768,29.273473739624023,0.864118754863739,6.289807796478272,0.1954806298017501,2.5303778648376465
gat,IEEE118,0,A,2,128,0.001,0.0016692322678864,15.697031021118164,1.0740854740142822,0.0005189621006138,0.0018321732059121,0.2922630310058594,0.0246236976236104,10.258922576904297,33.16734313964844,0.0037540725897997,19.358104705810547,0.2518300116062164,1.4315944910049438,0.0352302268147468,2.5776867866516118
gat,IEEE118,100,A,2,128,0.001,0.0042304815724492,100.8239288330078,1.99869704246521,0.0013787138741463,0.0055245705880224,0.7545262575149536,0.0302956905215978,72.40669250488281,301.5606384277344,0.0250209383666515,29.30340003967285,0.6894845962524414,3.437252283096313,0.0902547240257263,3.777796268463135
gat,IEEE118,300,A,2,128,0.001,0.0065207253210246,239.5387725830078,2.187328577041626,0.0011234492994844,0.0094201220199465,0.4213566482067108,0.0322907604277133,48.07700347900391,876.7801513671875,0.0078028733842074,33.2899284362793,0.5341839790344238,4.201876163482666,0.0509092323482036,3.9623444080352783
gat,IEEE118,700,A,2,128,0.001,0.0023370173294097,30.768611907958984,1.2883113622665403,0.0009362751734443,0.0025717145763337,0.5078568458557129,0.027602419257164,33.39162063598633,65.34662628173828,0.0113354166969656,24.324874877929688,0.4861474335193634,1.951904296875,0.0661695078015327,2.649024486541748
gat,IEEE118,1000,A,2,128,0.001,0.0075302505865693,319.4499816894531,2.867032289505005,0.0012134797871112,0.0107688410207629,0.9153342843055724,0.0487428531050682,56.09130859375,1145.81787109375,0.0368225909769535,75.85394287109375,0.6336551308631897,5.2679595947265625,0.1066146567463874,5.459899425506592
gat,UK,0,A,2,128,0.001,0.0008949345792643,189.6466217041016,4.373579502105713,0.0003014269459526,0.0016848025843501,32.613555908203125,0.0319248139858245,207.8823089599609,521.2979125976562,0.902436375617981,28.503944396972656,1.9508765935897827,11.63441276550293,0.3147686421871185,3.5942611694335938
gat,UK,100,A,2,128,0.001,0.0906116440892219,1944153.375,204.21243286132807,0.0558845996856689,0.0585425831377506,234.4430389404297,0.2373746931552887,7145583.5,629407.1875,46.6331672668457,1575.85791015625,427.8658142089844,355.70806884765625,1.9442322254180908,31.33159446716309
gat,UK,300,A,2,128,0.001,0.0013736260589212,446.7859191894531,6.885582447052002,0.0005439829546958,0.002377564786002,46.54627227783203,0.0500715710222721,677.0551147460938,1038.132080078125,1.8381885290145876,70.1181869506836,3.813973903656006,17.28791618347168,0.4320849180221557,6.008351802825928
gat,UK,700,A,2,128,0.001,0.0566192679107189,759086.0,144.46070861816406,0.0335460342466831,0.0500515364110469,172.64674377441406,0.2312804609537124,2574754.0,460068.78125,25.289316177368164,1495.9813232421875,254.6402740478516,293.5313415527344,1.41102933883667,28.260234832763672
gat,UK,1000,A,2,128,0.001,0.0024422609712928,1412.364013671875,11.238454818725586,0.0007924898527562,0.0046262415125966,45.18716430664063,0.1001134738326072,1436.947021484375,3930.470458984375,1.732409119606018,280.3065795898437,5.475429534912109,27.90481185913086,0.3596189320087433,11.213958740234377
gin,IEEE24,0,A,3,128,0.001,0.0003567240783013,0.0701981708407402,0.090598352253437,6.770483014406636e-05,0.0003316030779387,0.4797005653381347,0.0071072624996304,0.0225076097995042,0.052588365972042,0.0027948140632361,0.2029018849134445,0.0275072995573282,0.0965321287512779,0.0299939941614866,0.2083600163459777
gin,IEEE24,100,A,3,128,0.001,0.0002648523950483,0.0386962369084358,0.0694053694605827,0.0001271227520192,0.0002729335392359,0.3064059615135193,0.0031027712393552,0.0793481394648552,0.0356259420514106,0.0011402678210288,0.0386705920100212,0.0483375154435634,0.0802859663963317,0.0186830610036849,0.1303149610757827
gin,IEEE24,300,A,3,128,0.001,0.0007463506772182,0.3072888553142547,0.1528736650943756,0.0004117657372262,0.000613530864939,0.5355907678604126,0.0072843204252421,0.8325120806694031,0.1800219416618347,0.0034840044099837,0.2131372839212417,0.1846072226762771,0.1668962240219116,0.0323811769485473,0.2276100367307663
gin,IEEE24,700,A,3,128,0.001,0.0005530622438527,0.1687365025281906,0.1367692798376083,0.0002123028971254,0.0007044033263809,0.552899181842804,0.0072755441069602,0.2213104963302612,0.2372987419366836,0.0037128238473087,0.2126239836215973,0.0877810418605804,0.2053249180316925,0.0323335528373718,0.2216375917196273
gin,IEEE24,1000,A,3,128,0.001,0.0004465403035283,0.1099973693490028,0.1165310144424438,5.055595102021471e-05,0.000611234572716,0.5327273607254028,0.0078148776665329,0.012549739331007,0.1786769181489944,0.0034468511585146,0.2453159093856811,0.0175992846488952,0.1960618644952774,0.0308463666588068,0.2216165661811828
gin,IEEE39,0,A,3,128,0.001,0.0129154818132519,253.6975250244141,1.724493145942688,0.0002353230229346,0.016603386029601,0.517038106918335,0.0289040729403495,0.471528947353363,1005.040771484375,0.017124094069004,9.260639190673828,0.093064896762371,5.002583980560303,0.0815101042389869,1.720814228057861
gin,IEEE39,100,A,3,128,0.001,0.012794136069715,248.9527740478516,1.531572699546814,0.0004392768023535,0.016460133716464,0.7702474594116211,0.0239483229815959,1.643069863319397,987.7728271484376,0.038003459572792,6.357306480407715,0.1425344944000244,4.896032810211182,0.1314428299665451,0.9562800526618958
gin,IEEE39,300,A,3,128,0.001,0.0129236252978444,254.0175628662109,1.852541446685791,0.0007820745231583,0.0165571495890617,0.8454914093017578,0.0320209115743637,5.208057403564453,999.4509887695312,0.0457910820841789,11.365544319152832,0.231067806482315,5.324923038482666,0.1311260908842086,1.7230491638183594
gin,IEEE39,700,A,3,128,0.001,0.0130604719743132,259.42559814453125,1.6849521398544312,0.0006947482470422,0.0167820155620574,0.5687678456306458,0.0247482322156429,4.109930038452148,1026.7828369140625,0.0207220464944839,6.789084434509277,0.2996322214603424,5.234097957611084,0.084809198975563,1.121269464492798
gin,IEEE39,1000,A,3,128,0.001,0.0128855872899293,252.5244598388672,1.6413905620574951,0.0007669598562642,0.0165495127439498,0.6717612147331238,0.0242734532803297,5.008696556091309,998.5291748046876,0.0289062950760126,6.531096458435059,0.3460076153278351,5.155610084533691,0.1036137044429779,0.9603307843208312
gin,IEEE118,0,A,3,128,0.001,0.0015959575539454,14.349166870117188,0.9336169958114624,0.0003085736825596,0.0019950896967202,0.4297244846820831,0.0212621744722127,3.6270053386688232,39.32805633544922,0.0081158690154552,14.43349838256836,0.1446514576673507,1.3034847974777222,0.0524644926190376,2.2338674068450928
gin,IEEE118,100,A,3,128,0.001,0.0011803113156929,7.84832763671875,0.6705563068389893,0.0005979354609735,0.0009332812624052,0.2889064252376556,0.0169427338987588,13.618807792663574,8.606026649475098,0.003668338060379,9.164806365966797,0.3341865241527557,0.8718218803405762,0.0357082523405551,1.4405086040496826
gin,IEEE118,300,A,3,128,0.001,0.0008528802427463,4.097888469696045,0.500809371471405,0.0002114248054567,0.0007524935645051,0.3511647880077362,0.0168721806257963,1.7027164697647097,5.594782829284668,0.0054197204299271,9.08863639831543,0.1041726768016815,0.6482990980148315,0.0433758720755577,1.2073898315429688
gin,IEEE118,700,A,3,128,0.001,0.001252991030924,8.844635963439941,0.7561989426612854,0.0003108420351054,0.001403636066243,0.2604715228080749,0.0195708684623241,3.6805262565612793,19.46644401550293,0.0029817782342433,12.228592872619627,0.1454275548458099,0.944560706615448,0.0318845994770526,1.9029231071472168
gin,IEEE118,1000,A,3,128,0.001,0.0010246585588902,5.914830684661865,0.6922938227653503,0.0001954844628926,0.0010274001397192,0.2933619916439056,0.0192008446902036,1.4556431770324707,10.429341316223145,0.0037823573220521,11.770554542541504,0.0933940708637237,0.9260450005531312,0.0361339226365089,1.7136023044586182
gin,UK,0,A,3,128,0.001,0.0008867336437106,186.1867828369141,4.39400577545166,0.0003681394446175,0.0013365650083869,27.357837677001957,0.0615520551800727,310.0830993652344,328.0711669921875,0.6350148320198059,105.95790100097656,3.048912048339844,7.630387783050537,0.2505993545055389,6.646121501922607
gin,UK,100,A,3,128,0.001,0.0007500792271457,133.2222442626953,3.9656307697296143,0.000267272349447,0.0012382896384224,31.384960174560547,0.0557784177362918,163.44114685058594,281.5998229980469,0.8357251882553101,87.01229858398438,2.008199691772461,7.9388604164123535,0.2370679527521133,5.678396224975586
gin,UK,300,A,3,128,0.001,0.0007083642412908,118.81623840332033,4.145982265472412,0.0001869967236416,0.0013187666190788,41.79119491577149,0.0515727028250694,80.00579071044922,319.39190673828125,1.48180091381073,74.38545989990234,1.2548176050186155,9.530911445617676,0.3218247294425964,5.476377487182617
gin,UK,700,A,3,128,0.001,0.0005713741993531,77.30431365966797,3.352344751358032,0.0001356041902909,0.001065008691512,25.126808166503903,0.0456598885357379,42.07262420654297,208.30235290527344,0.5356670618057251,58.30663299560547,0.8621789216995239,7.206225872039795,0.2466713488101959,5.094303131103516
gin,UK,1000,A,3,128,0.001,0.0004697394906543,52.24884033203125,2.282989978790283,0.0002017952647292,0.0007254516240209,20.70772171020508,0.0259347651153802,93.16984558105467,96.65066528320312,0.3638186156749725,18.811044692993164,1.2071378231048584,4.945101737976074,0.1663883328437805,2.813331127166748
transformer,IEEE24,0,A,2,128,0.001,0.0004637372912839,0.1186328753829002,0.0993709191679954,0.0001431753335054,0.0008525294833816,0.3564959764480591,0.0024818393867462,0.1006529629230499,0.3475933074951172,0.001543553546071,0.0247416533529758,0.060938186943531,0.2065113633871078,0.0196266025304794,0.1104075014591217
transformer,IEEE24,100,A,2,128,0.001,0.0005069836042821,0.1417910307645797,0.1024499237537384,0.0001971873716684,0.000776516564656,0.2453694492578506,0.0046577062457799,0.1909186244010925,0.2883726358413696,0.0007312290836125,0.0871415883302688,0.0860776379704475,0.1794855445623397,0.0150935426354408,0.1291429549455642
transformer,IEEE24,300,A,2,128,0.001,0.0008797016344033,0.4269055128097534,0.1593659520149231,0.0003374146472197,0.0014960326952859,0.5360888242721558,0.0043138954788446,0.5590079426765442,1.0703721046447754,0.0034904868807643,0.0747516006231308,0.1411137133836746,0.286410391330719,0.0302323717623949,0.179707333445549
transformer,IEEE24,700,A,2,128,0.001,0.0015229809796437,1.2795284986495972,0.2950220704078674,0.0003945332136936,0.0028363594319671,0.7694544196128845,0.011147609911859,0.7642883062362671,3.847469091415405,0.0071908165700733,0.4991658627986908,0.1337643712759018,0.6577979922294617,0.0463836193084716,0.3421424329280853
transformer,IEEE24,1000,A,2,128,0.001,0.0003389267949387,0.0633684173226356,0.0757278725504875,0.0001026858226396,0.0006083883345127,0.43104949593544,0.0023628608323633,0.0517739318311214,0.1770167648792266,0.0022566632833331,0.0224262960255146,0.0367247760295867,0.1393485367298126,0.0250589791685342,0.1017791777849197
transformer,IEEE39,0,A,2,128,0.001,0.0132087599486112,265.3500061035156,2.057983875274658,0.0005548154585994,0.0168458502739667,0.7502365112304688,0.0466611832380294,2.621057748794556,1034.6087646484375,0.0360544510185718,24.134279251098636,0.2087615877389907,5.612853527069092,0.1120535805821418,2.2982654571533203
transformer,IEEE39,100,A,2,128,0.001,0.0132105313241481,265.4211730957031,1.8339818716049197,0.0005872559850104,0.0169723723083734,0.6730077266693115,0.027708875015378,2.9365296363830566,1050.2083740234375,0.0290136635303497,8.51060962677002,0.2082046419382095,5.434510707855225,0.089906021952629,1.603305697441101
transformer,IEEE39,300,A,2,128,0.001,0.0139932781457901,297.8063659667969,2.761376142501831,0.000868403352797,0.0176618378609418,0.7480229139328003,0.0654627755284309,6.421293258666992,1137.2662353515625,0.0358420126140117,47.50198745727539,0.4018175303936004,6.9160332679748535,0.1124419644474983,3.615212440490722
transformer,IEEE39,700,A,2,128,0.001,0.0129702659323811,255.8543243408203,1.999969244003296,0.0008081286214292,0.0165209341794252,0.6684999465942383,0.0452975369989872,5.560841083526611,995.08349609375,0.0286263078451156,22.744274139404297,0.3037705421447754,5.2651472091674805,0.1024315804243087,2.3285279273986816
transformer,IEEE39,1000,A,2,128,0.001,0.0135054849088191,277.4057006835937,2.362578630447388,0.000659886514768,0.0172132365405559,0.4433017373085022,0.048126932233572,3.707814693450928,1080.22802734375,0.0125881368294358,25.67433738708496,0.2454411834478378,6.813826084136963,0.0640908107161521,2.326955795288086
transformer,IEEE118,0,A,2,128,0.001,0.0031002429313957,54.14713287353516,1.043565273284912,0.0008698049932718,0.004181963391602,0.4241876602172851,0.0216495506465435,28.81869125366211,172.7977294921875,0.0079080779105424,14.96422004699707,0.3238449394702911,1.6760350465774536,0.053693737834692,2.120687484741211
transformer,IEEE118,100,A,2,128,0.001,0.0027492616791278,42.581031799316406,1.3644769191741943,0.0007871476700529,0.0035334764979779,0.6404152512550354,0.0270391721278429,23.6016788482666,123.36217498779295,0.0180251225829124,23.342269897460938,0.3879315853118896,2.082580804824829,0.0782446339726448,2.9091506004333496
transformer,IEEE118,300,A,2,128,0.001,0.0022512529976665,28.551742553710938,1.001192569732666,0.0007356710848398,0.0027981465682387,0.5514707565307617,0.0225379485636949,20.61568832397461,77.36035919189453,0.0133659495040774,16.21754264831543,0.3555273115634918,1.568994641304016,0.0648697689175605,2.015378475189209
transformer,IEEE118,700,A,2,128,0.001,0.0016234635841101,14.84803867340088,0.9175443649291992,0.0003482921165414,0.0020220568403601,0.4007976651191711,0.0212123058736324,4.620806217193604,40.398414611816406,0.0070600095205008,14.365875244140623,0.1544940769672393,1.212855577468872,0.0469415560364723,2.2558865547180176
transformer,IEEE118,1000,A,2,128,0.001,0.0023128625471144,30.1358642578125,0.9829310178756714,0.0006159297772683,0.0029815742745995,0.5152515769004822,0.0239057391881942,14.450833320617676,87.83525848388672,0.0116679230704903,18.24570655822754,0.2034665495157241,1.3728350400924685,0.0625951141119003,2.2928273677825928
transformer,UK,0,A,2,128,0.001,0.0013919294578954,458.7720642089844,7.1487531661987305,0.0002738961193244,0.0029094405472278,46.97884368896485,0.0618583783507347,171.64263916015625,1554.55810546875,1.8725131750106807,107.0151596069336,1.9158556461334229,19.250333786010746,0.3635320365428924,7.065291404724121
transformer,UK,100,A,2,128,0.001,0.0019133638124912,866.8773193359375,8.977603912353516,0.0006870356155559,0.0035432188306003,29.352275848388672,0.053886167705059,1079.970458984375,2305.599365234375,0.7309772372245789,81.2087631225586,5.160985469818115,24.21056365966797,0.2693944871425628,6.269472122192383
transformer,UK,300,A,2,128,0.001,0.0413689240813255,405238.6875,110.89441680908205,0.0237334202975034,0.0423506163060665,252.29641723632807,0.3134211897850036,1288766.0,329387.6875,54.00605773925781,2747.292724609375,124.8132095336914,276.0063171386719,2.413771152496338,40.3443603515625
transformer,UK,700,A,2,128,0.001,0.0049634017050266,5833.39501953125,16.152809143066406,0.0017483815317973,0.0093359183520078,78.23777770996094,0.1082432568073272,6994.00341796875,16006.7080078125,5.193418502807617,327.6800231933594,8.97629165649414,42.15809631347656,0.7104857563972473,12.766353607177734
transformer,UK,1000,A,2,128,0.001,0.0026891273446381,1712.3211669921875,12.769861221313477,0.0003304353449493,0.0058547281660139,83.10621643066406,0.1033156514167785,249.81951904296875,6295.08154296875,5.859860420227051,298.5248413085937,1.905243992805481,35.98228073120117,0.6770220994949341,12.514900207519531
arma_gnn,IEEE24,0,A,8,128,0.001,0.0005068267928436,0.1417033523321151,0.096458576619625,0.0002649386879056,0.000644312123768,0.4399604797363281,0.0023012289311736,0.3446520864963531,0.1985386908054351,0.0023509308230131,0.0212716422975063,0.0941324979066848,0.1676977574825287,0.0252874493598938,0.0987165868282318
arma_gnn,IEEE39,0,A,8,128,0.001,0.0002904443535953,0.1282982975244522,0.1106296330690383,9.973791020456702e-05,0.0002880828978959,0.3389029204845428,0.0032704942859709,0.0847032442688942,0.302569568157196,0.0073572108522057,0.1185631453990936,0.0237327832728624,0.1544080674648285,0.0528212264180183,0.21155646443367
arma_gnn,IEEE118,0,A,8,128,0.001,0.0012002331204712,8.115499496459961,0.5479512810707092,0.0002212457911809,0.0015957877039909,0.407229483127594,0.013040286488831,1.8645777702331543,25.16099548339844,0.0072884196415543,5.429133892059326,0.1047479733824729,0.900740921497345,0.0511437468230724,1.1351726055145264
arma_gnn,UK,0,A,8,128,0.001,0.0008073588833212,154.34613037109375,3.5786688327789307,0.00039578351425,0.0011074321810156,19.246479034423828,0.0345796048641204,358.40069580078125,225.2279052734375,0.3142844438552856,33.44169998168945,3.104871988296509,7.42772912979126,0.1776034832000732,3.604470729827881
arma_gnn,IEEE24,100,A,8,128,0.001,0.0005281019839458,0.1538496911525726,0.0862147137522697,0.0003357401583343,0.0002901331463363,0.3089664876461029,0.0022595708724111,0.5534732937812805,0.0402575433254241,0.0011594053357839,0.0205084700137376,0.149878442287445,0.0659549608826637,0.0186206344515085,0.1104048267006874
arma_gnn,IEEE39,100,A,8,128,0.001,0.0002845455019269,0.1231398284435272,0.1181285679340362,0.0001543856487842,0.0001950574078364,0.506443977355957,0.0034829224459826,0.202952042222023,0.1387123763561248,0.0164295397698879,0.1344653815031051,0.0636269524693489,0.1233575344085693,0.071670226752758,0.2138595879077911
arma_gnn,IEEE118,100,A,8,128,0.001,0.0011458622757345,7.396884918212891,0.5869425535202026,0.0001517252385383,0.0015312328469008,0.4718611538410187,0.0131660802289843,0.8768919706344604,23.166481018066406,0.0097855078056454,5.534384250640869,0.043731689453125,0.8825196027755737,0.057163055986166,1.3643558025360107
arma_gnn,UK,100,A,8,128,0.001,0.0010507440892979,261.4306030273437,3.842973470687866,0.0002435392525512,0.0021690560970455,36.04757308959961,0.0400614291429519,135.70358276367188,864.0313110351562,1.1024842262268066,44.88499069213867,1.2789734601974487,9.377229690551758,0.3289008736610412,4.386790752410889
arma_gnn,IEEE24,1000,A,8,128,0.001,0.0004334090917836,0.1036232039332389,0.0962696820497512,0.0002446979051455,0.000395949173253,0.305128276348114,0.0033240197226405,0.2940022647380829,0.0749775916337966,0.0011307779932394,0.04438216984272,0.1078296303749084,0.089808814227581,0.0181351918727159,0.1693051010370254
arma_gnn,IEEE39,1000,A,8,128,0.001,0.0002275160222779,0.0787261500954628,0.1016159951686859,0.0001021993521135,0.0001674410741543,0.3630292117595672,0.0032253416720777,0.0889356434345245,0.102214939892292,0.0084420060738921,0.1153119727969169,0.030228329822421,0.0887997299432754,0.0531830787658691,0.2342528253793716
arma_gnn,IEEE118,1000,A,8,128,0.001,0.0011143335141241,6.995429039001465,0.5767735242843628,0.0002744572120718,0.0013798787258565,0.3826973438262939,0.0140393506735563,2.869324922561645,18.813060760498047,0.0064367377199232,6.292893886566162,0.1442046463489532,0.8648416996002197,0.0475129038095474,1.250535011291504
arma_gnn,UK,1000,A,8,128,0.001,0.0006249539437703,92.48228454589844,2.950134038925171,0.0002486955199856,0.0010651842458173,23.043926239013672,0.0264708772301673,141.5106964111328,208.37109375,0.4505398571491241,19.59678840637207,2.03171968460083,6.688047409057617,0.1965179294347763,2.884251117706299
arma_gnn,IEEE24,300,A,8,128,0.001,0.0003449098148848,0.0656254291534423,0.0800894424319267,0.0001836882001953,0.0003638715134002,0.3284850716590881,0.0028311647474765,0.1656733304262161,0.0633211359381675,0.0013105201069265,0.0321967154741287,0.0700775161385536,0.1085440963506698,0.0196741111576557,0.1220620200037956
arma_gnn,IEEE39,300,A,8,128,0.001,0.000293032353511,0.1305948793888092,0.1128677874803543,0.0001800077734515,0.000193023472093,0.3057296276092529,0.0030726280529052,0.2759065628051758,0.135834664106369,0.005987390410155,0.1046508774161338,0.0728218629956245,0.1336454153060913,0.0446568839251995,0.2003469765186309
arma_gnn,IEEE118,300,A,8,128,0.001,0.0009665706893429,5.263216495513916,0.5045767426490784,0.0001515537151135,0.0012313822517171,0.385838121175766,0.0127494130283594,0.8749105334281921,14.981781005859377,0.0065428232774138,5.189632892608643,0.0569624751806259,0.7052766680717468,0.0482371635735034,1.207830548286438
arma_gnn,UK,300,A,8,128,0.001,0.000660044956021,103.1595687866211,3.139356851577759,0.0001831054250942,0.0012986665824428,23.641403198242188,0.0303277410566806,76.71067810058594,309.7300109863281,0.4742057025432586,25.7234001159668,1.013447642326355,8.187857627868652,0.2002627104520797,3.1558587551116943
arma_gnn,IEEE24,700,A,8,128,0.001,0.000274200894637,0.0414761714637279,0.072537250816822,0.0001233869552379,0.0004000145127065,0.3936360776424408,0.0017812401056289,0.074753001332283,0.0765251442790031,0.0018819250399246,0.0127445999532938,0.0520499534904956,0.1387681812047958,0.0221911296248435,0.0771397426724433
arma_gnn,IEEE39,700,A,8,128,0.001,0.0003933929256163,0.235368400812149,0.1332054138183593,0.0001453468576073,0.0004106027190573,0.4545638263225555,0.0034729414619505,0.1798832565546035,0.6146586537361145,0.0132358632981777,0.1336958259344101,0.0515722893178463,0.2070037722587585,0.0619233585894107,0.2123222202062606
arma_gnn,IEEE118,700,A,8,128,0.001,0.0011117389658465,6.962892055511475,0.5792928338050842,0.0002366734843235,0.0013971240259706,0.5408108234405518,0.0141790900379419,2.1336820125579834,19.28623962402344,0.0128542184829711,6.418787956237793,0.0845343545079231,0.7920875549316406,0.0676315426826477,1.3729182481765747
arma_gnn,UK,700,A,8,128,0.001,0.0007286905311048,125.73285675048828,3.1640753746032715,0.0003496674471534,0.0010439463658258,11.606511116027832,0.0286314580589532,279.7459411621094,200.14480590820312,0.1142940670251846,22.926362991333008,2.458500385284424,7.022720336914063,0.0947961881756782,3.080284595489502
nnconv,IEEE24,0,A,2,128,0.001,0.0006657103658653,0.244473397731781,0.190187394618988,0.0002461831900291,0.0010943805100396,1.4645916223526,0.0045037814415991,0.2975821793079376,0.5727819800376892,0.0260522700846195,0.0814771652221679,0.0965815633535385,0.4101982414722442,0.0761832520365715,0.1777864843606948
nnconv,IEEE39,0,A,2,128,0.001,0.0130939669907093,260.7579345703125,2.181513786315918,0.0006893141544423,0.0167074166238307,1.6370140314102173,0.0436704419553279,4.045888423919678,1017.674560546875,0.171659305691719,21.1396598815918,0.193553939461708,5.489689826965332,0.2497094422578811,2.7931020259857178
nnconv,IEEE118,0,A,2,128,0.001,0.0027805666904896,43.55626678466797,1.24411141872406,0.0007245995220728,0.0037323061842471,0.6485806107521057,0.0227820333093404,19.99984359741211,137.6360321044922,0.018487699329853,16.570714950561523,0.2966651916503906,2.248299121856689,0.0746427997946739,2.3568387031555176
nnconv,UK,0,A,2,128,0.001,0.0011084432480856,290.9306335449219,3.681165218353272,0.0004393128619994,0.0019598819781094,22.47686195373535,0.0241435375064611,441.57171630859375,705.4199829101562,0.4286389648914337,16.302343368530273,2.6477181911468506,9.236620903015137,0.1869267374277115,2.653395175933838
nnconv,IEEE24,100,A,2,128,0.001,0.0005557760014198,0.1703964620828628,0.1754845082759857,0.0001194560027215,0.0009970692917704,0.910327970981598,0.005600884091109,0.0700657963752746,0.4754482507705688,0.0100648710504174,0.1260069459676742,0.0412626266479492,0.3665615916252136,0.0527770221233367,0.2413368225097656
nnconv,IEEE39,100,A,2,128,0.001,0.0134873874485492,276.66278076171875,2.20461654663086,0.0009671226143836,0.0172531176358461,1.2684431076049805,0.0346970483660697,7.964207172393799,1085.2393798828125,0.1030634045600891,13.344675064086914,0.447372168302536,6.072122573852539,0.1900998204946518,2.108872652053833
nnconv,IEEE118,100,A,2,128,0.001,0.0020916585344821,24.64708709716797,0.9616517424583436,0.0006082274485379,0.0026181386783719,0.5629107356071472,0.0229087714105844,14.091670036315918,67.72715759277344,0.013926244340837,16.755596160888672,0.2784961462020874,1.4622629880905151,0.0686841830611229,2.037163734436035
nnconv,UK,100,A,2,128,0.001,0.0006136509473435,89.16724395751953,2.615405559539795,0.0002244088973384,0.0011129435151815,20.784687042236328,0.0220564417541027,115.22151184082033,227.4752655029297,0.3665281236171722,13.605645179748535,1.4533772468566897,6.48940372467041,0.1722511500120163,2.3465890884399414
nnconv,IEEE24,300,A,2,128,0.001,0.0004073382879141,0.0915316864848136,0.1222577020525932,0.0001610337494639,0.0005484761786647,1.1470377445220947,0.0044333771802484,0.1273280084133148,0.1438692957162857,0.0159796737134456,0.0789497345685958,0.0644785091280937,0.1831770688295364,0.0648507475852966,0.1765244752168655
nnconv,IEEE39,300,A,2,128,0.001,0.0132258096709847,266.0355224609375,2.03935170173645,0.0002046948502538,0.0169846192002296,1.8353748321533203,0.0326894894242286,0.3567741513252258,1051.724365234375,0.2157804518938064,11.845110893249512,0.0873527824878692,6.008419036865234,0.197542205452919,1.864091873168945
nnconv,IEEE118,300,A,2,128,0.001,0.0036623061168938,75.56024169921875,1.7121338844299316,0.0011593968374654,0.0047248355112969,0.8180254101753235,0.030875789001584,51.202911376953125,220.57232666015625,0.0294095575809478,30.436336517333984,0.503821849822998,2.893038988113404,0.1023945957422256,3.3492796421051025
nnconv,UK,300,A,2,128,0.001,0.0004974023322574,58.58387756347656,2.2710156440734863,0.0001720069558359,0.0009158166358247,15.84702968597412,0.021055931225419,67.69326782226562,154.0299072265625,0.2130669057369232,12.399298667907717,1.0307108163833618,5.726879119873047,0.1351342946290969,2.1913390159606934
